Instrument Name,Date,Time,Signal Source,Strategy,Action,Lots,Entry Price (INR),Exit Price (INR),Forex Ref Price ($),Trade PnL (INR),Realized Total PnL (INR),Account Balance (INR),Status
MCX_GOLDM_OCT2026,2026-09-06,11:21:53,OANDA_XAU_USD_M5,EMA_CROSSOVER,BUY,1,78911.0,79822.0,2585.53,9110.0,9110.0,509110.0,TAKE_PROFIT
MCX_GOLDM_OCT2026,2026-09-06,11:22:23,OANDA_XAU_USD_M5,EMA_CROSSOVER,BUY,1,79384.0,78778.0,2551.69,-6060.0,3050.0,503050.0,STOP_LOSS
MCX_GOLDM_OCT2026,2026-09-06,11:22:42,OANDA_XAU_USD_M5,EMA_CROSSOVER,SELL,1,79711.0,80282.0,2600.43,-5710.0,-2660.0,497340.0,STOP_LOSS
MCX_GOLDM_OCT2026,2026-09-06,11:24:45,OANDA_XAU_USD_M5,EMA_CROSSOVER,SELL,1,76583.0,77031.0,2495.11,-4480.0,-7140.0,492860.0,STOP_LOSS
MCX_GOLDM_OCT2026,2026-09-06,11:25:27,OANDA_XAU_USD_M5,EMA_CROSSOVER,BUY,1,76438.0,75777.0,2454.5,-6610.0,-13750.0,486250.0,STOP_LOSS
MCX_GOLDM_OCT2026,2026-09-06,11:26:09,OANDA_XAU_USD_M5,EMA_CROSSOVER,BUY,1,73705.0,74934.0,2427.18,12290.0,-1460.0,498540.0,TAKE_PROFIT
MCX_GOLDM_OCT2026,2026-09-06,11:27:18,OANDA_XAU_USD_M5,EMA_CROSSOVER,SELL,1,76129.0,76790.0,2487.31,-6610.0,-8070.0,491930.0,STOP_LOSS
MCX_GOLDM_OCT2026,2026-09-06,11:28:04,OANDA_XAU_USD_M5,EMA_CROSSOVER,BUY,1,78152.0,77465.0,2509.16,-6870.0,-14940.0,485060.0,STOP_LOSS
MCX_GOLDM_OCT2026,2026-09-06,11:29:03,OANDA_XAU_USD_M5,EMA_CROSSOVER,BUY,1,79289.0,80185.0,2597.29,8960.0,-5980.0,494020.0,TAKE_PROFIT
MCX_GOLDM_OCT2026,2026-09-06,11:31:04,OANDA_XAU_USD_M5,EMA_CROSSOVER,SELL,1,78100.0,78512.0,2543.07,-4120.0,-10100.0,489900.0,STOP_LOSS
MCX_GOLDM_OCT2026,2026-09-06,11:31:28,OANDA_XAU_USD_M5,EMA_CROSSOVER,SELL,1,77505.0,78333.0,2537.27,-8280.0,-8280.0,491720.0,STOP_LOSS
MCX_GOLDM_OCT2026,2026-09-06,11:31:40,OANDA_XAU_USD_M5,EMA_CROSSOVER,BUY,1,80649.0,81886.0,2652.37,12370.0,2270.0,502270.0,TAKE_PROFIT
MCX_GOLDM_OCT2026,2026-09-06,11:32:06,OANDA_XAU_USD_M5,EMA_CROSSOVER,BUY,1,79128.0,79651.0,2579.97,5230.0,-3050.0,496950.0,SIGNAL_REVERSAL
MCX_GOLDM_OCT2026,2026-09-06,11:32:18,OANDA_XAU_USD_M5,EMA_CROSSOVER,SELL,1,79651.0,80210.0,2598.07,-5590.0,-8640.0,491360.0,STOP_LOSS
MCX_GOLDM_OCT2026,2026-09-06,11:32:36,OANDA_XAU_USD_M5,EMA_CROSSOVER,SELL,1,78926.0,79336.0,2569.79,-4100.0,-12740.0,487260.0,STOP_LOSS
MCX_GOLDM_OCT2026,2026-09-06,11:33:11,OANDA_XAU_USD_M5,EMA_CROSSOVER,SELL,1,79220.0,79692.0,2581.3,-4720.0,-17460.0,482540.0,STOP_LOSS
MCX_GOLDM_OCT2026,2026-09-06,11:33:19,OANDA_XAU_USD_M5,EMA_CROSSOVER,SELL,1,82407.0,82349.0,2667.36,580.0,2850.0,502850.0,SIGNAL_REVERSAL
MCX_GOLDM_OCT2026,2026-09-06,11:33:21,OANDA_XAU_USD_M5,EMA_CROSSOVER,BUY,1,82349.0,81839.0,2650.85,-5100.0,-2250.0,497750.0,STOP_LOSS
MCX_GOLDM_OCT2026,2026-09-06,11:33:27,OANDA_XAU_USD_M5,EMA_CROSSOVER,BUY,1,79527.0,79069.0,2561.13,-4580.0,-22040.0,477960.0,STOP_LOSS
MCX_GOLDM_OCT2026,2026-09-06,11:34:37,OANDA_XAU_USD_M5,EMA_CROSSOVER,SELL,1,76516.0,77172.0,2499.67,-6560.0,-28600.0,471400.0,STOP_LOSS
MCX_GOLDM_OCT2026,2026-09-06,11:34:48,OANDA_XAU_USD_M5,EMA_CROSSOVER,SELL,1,78898.0,78021.0,2527.19,8770.0,6520.0,506520.0,TAKE_PROFIT
MCX_GOLDM_OCT2026,2026-09-06,11:35:40,OANDA_XAU_USD_M5,EMA_CROSSOVER,SELL,1,76971.0,77381.0,2506.44,-4100.0,2420.0,502420.0,STOP_LOSS
MCX_GOLDM_OCT2026,2026-09-06,11:35:52,OANDA_XAU_USD_M5,EMA_CROSSOVER,BUY,1,76533.0,76136.0,2466.11,-3970.0,-1550.0,498450.0,STOP_LOSS
MCX_GOLDM_OCT2026,2026-09-06,11:36:22,OANDA_XAU_USD_M5,EMA_CROSSOVER,SELL,1,75586.0,74729.0,2420.54,8570.0,-20030.0,479970.0,TAKE_PROFIT
MCX_GOLDM_OCT2026,2026-09-06,11:37:22,OANDA_XAU_USD_M5,EMA_CROSSOVER,BUY,1,75364.0,74172.0,2402.5,-11920.0,-31950.0,468050.0,STOP_LOSS
MCX_GOLDM_OCT2026,2026-09-06,11:37:43,OANDA_XAU_USD_M5,EMA_CROSSOVER,SELL,1,80254.0,79409.0,2572.15,8450.0,6900.0,506900.0,TAKE_PROFIT
MCX_GOLDM_OCT2026,2026-09-06,11:37:53,OANDA_XAU_USD_M5,EMA_CROSSOVER,SELL,1,80107.0,80558.0,2609.35,-4510.0,2390.0,502390.0,STOP_LOSS
MCX_GOLDM_OCT2026,2026-09-06,11:38:01,OANDA_XAU_USD_M5,EMA_CROSSOVER,BUY,1,80364.0,81333.0,2634.45,9690.0,12080.0,512080.0,TAKE_PROFIT
MCX_GOLDM_OCT2026,2026-09-06,11:38:23,OANDA_XAU_USD_M5,EMA_CROSSOVER,BUY,1,81670.0,81887.0,2652.41,2170.0,14250.0,514250.0,SIGNAL_REVERSAL
MCX_GOLDM_OCT2026,2026-09-06,11:38:27,OANDA_XAU_USD_M5,EMA_CROSSOVER,BUY,1,76213.0,75763.0,2454.05,-4500.0,-36450.0,463550.0,STOP_LOSS
MCX_GOLDM_OCT2026,2026-09-06,11:38:33,OANDA_XAU_USD_M5,EMA_CROSSOVER,SELL,1,81887.0,81009.0,2623.97,8780.0,23030.0,523030.0,TAKE_PROFIT
MCX_GOLDM_OCT2026,2026-09-06,11:38:37,OANDA_XAU_USD_M5,EMA_CROSSOVER,BUY,1,75763.0,75278.0,2438.34,-4850.0,-41300.0,458700.0,STOP_LOSS
MCX_GOLDM_OCT2026,2026-09-06,11:39:01,OANDA_XAU_USD_M5,EMA_CROSSOVER,BUY,1,76642.0,75964.0,2460.55,-6780.0,-48080.0,451920.0,STOP_LOSS
MCX_GOLDM_OCT2026,2026-09-06,11:39:27,OANDA_XAU_USD_M5,EMA_CROSSOVER,BUY,1,83494.0,83369.0,2700.4,-1250.0,21780.0,521780.0,SIGNAL_REVERSAL
MCX_GOLDM_OCT2026,2026-09-06,11:39:29,OANDA_XAU_USD_M5,EMA_CROSSOVER,SELL,1,83369.0,82420.0,2669.68,9490.0,31270.0,531270.0,TAKE_PROFIT
MCX_GOLDM_OCT2026,2026-09-06,11:39:33,OANDA_XAU_USD_M5,EMA_CROSSOVER,BUY,1,76254.0,75818.0,2455.83,-4360.0,-52440.0,447560.0,STOP_LOSS
MCX_GOLDM_OCT2026,2026-09-06,11:41:04,OANDA_XAU_USD_M5,EMA_CROSSOVER,SELL,1,75006.0,73838.0,2391.68,11680.0,-40760.0,459240.0,TAKE_PROFIT
MCX_GOLDM_OCT2026,2026-09-06,11:41:10,OANDA_XAU_USD_M5,EMA_CROSSOVER,SELL,1,79850.0,78576.0,2545.16,12740.0,44010.0,544010.0,TAKE_PROFIT
MCX_GOLDM_OCT2026,2026-09-06,11:41:38,OANDA_XAU_USD_M5,EMA_CROSSOVER,BUY,1,73334.0,72804.0,2358.2,-5300.0,-46060.0,453940.0,STOP_LOSS
MCX_GOLDM_OCT2026,2026-09-06,11:41:48,OANDA_XAU_USD_M5,EMA_CROSSOVER,BUY,1,79101.0,80177.0,2597.0,10760.0,54770.0,554770.0,TAKE_PROFIT
MCX_GOLDM_OCT2026,2026-09-06,11:42:26,OANDA_XAU_USD_M5,EMA_CROSSOVER,SELL,1,80128.0,79292.0,2568.35,8360.0,63130.0,563130.0,TAKE_PROFIT
MCX_GOLDM_OCT2026,2026-09-06,11:42:40,OANDA_XAU_USD_M5,EMA_CROSSOVER,BUY,1,76961.0,77783.0,2519.46,8220.0,-37840.0,462160.0,TAKE_PROFIT
MCX_GOLDM_OCT2026,2026-09-06,11:42:44,OANDA_XAU_USD_M5,EMA_CROSSOVER,BUY,1,77783.0,77219.0,2501.2,-5640.0,-43480.0,456520.0,STOP_LOSS
MCX_GOLDM_OCT2026,2026-09-06,11:43:17,OANDA_XAU_USD_M5,EMA_CROSSOVER,BUY,1,76983.0,75971.0,2460.77,-10120.0,53010.0,553010.0,STOP_LOSS
MCX_GOLDM_OCT2026,2026-09-06,11:43:49,OANDA_XAU_USD_M5,EMA_CROSSOVER,BUY,1,78507.0,77762.0,2518.79,-7450.0,-50930.0,449070.0,STOP_LOSS
MCX_GOLDM_OCT2026,2026-09-06,11:44:12,OANDA_XAU_USD_M5,EMA_CROSSOVER,BUY,1,78793.0,78324.0,2537.01,-4690.0,-4690.0,495310.0,STOP_LOSS
MCX_GOLDM_OCT2026,2026-09-06,11:44:49,OANDA_XAU_USD_M5,EMA_CROSSOVER,BUY,1,80700.0,80254.0,2599.51,-4460.0,48550.0,548550.0,STOP_LOSS
MCX_GOLDM_OCT2026,2026-09-06,11:45:43,OANDA_XAU_USD_M5,EMA_CROSSOVER,BUY,1,75940.0,74905.0,2426.24,-10350.0,-15040.0,484960.0,STOP_LOSS
MCX_GOLDM_OCT2026,2026-09-06,11:46:24,OANDA_XAU_USD_M5,EMA_CROSSOVER,BUY,1,84567.0,83667.0,2710.07,-9000.0,39550.0,539550.0,STOP_LOSS
MCX_GOLDM_OCT2026,2026-09-06,11:47:04,OANDA_XAU_USD_M5,EMA_CROSSOVER,SELL,1,74049.0,73296.0,2374.13,7530.0,-43400.0,456600.0,TAKE_PROFIT
MCX_GOLDM_OCT2026,2026-09-06,11:47:36,OANDA_XAU_USD_M5,EMA_CROSSOVER,SELL,1,75343.0,75815.0,2455.72,-4720.0,-19760.0,480240.0,STOP_LOSS
MCX_GOLDM_OCT2026,2026-09-06,11:47:50,OANDA_XAU_USD_M5,EMA_CROSSOVER,BUY,1,83079.0,84039.0,2722.11,9600.0,49150.0,549150.0,TAKE_PROFIT
MCX_GOLDM_OCT2026,2026-09-06,11:47:52,OANDA_XAU_USD_M5,EMA_CROSSOVER,SELL,1,77551.0,78856.0,2554.22,-13050.0,-32810.0,467190.0,STOP_LOSS
MCX_GOLDM_OCT2026,2026-09-06,11:48:23,OANDA_XAU_USD_M5,EMA_CROSSOVER,BUY,1,83531.0,82972.0,2687.56,-5590.0,43560.0,543560.0,STOP_LOSS
MCX_GOLDM_OCT2026,2026-09-06,11:48:28,OANDA_XAU_USD_M5,EMA_CROSSOVER,SELL,1,79465.0,80411.0,2604.58,-9460.0,-42270.0,457730.0,STOP_LOSS
MCX_GOLDM_OCT2026,2026-09-06,11:48:30,OANDA_XAU_USD_M5,EMA_CROSSOVER,BUY,1,74093.0,73716.0,2387.73,-3770.0,-47170.0,452830.0,STOP_LOSS
MCX_GOLDM_OCT2026,2026-09-06,11:49:29,OANDA_XAU_USD_M5,EMA_CROSSOVER,BUY,1,75270.0,74018.0,2397.53,-12520.0,-59690.0,440310.0,STOP_LOSS
MCX_GOLDM_OCT2026,2026-09-06,11:49:39,OANDA_XAU_USD_M5,EMA_CROSSOVER,SELL,1,74127.0,74575.0,2415.57,-4480.0,-64170.0,435830.0,STOP_LOSS
MCX_GOLDM_OCT2026,2026-09-06,11:50:13,OANDA_XAU_USD_M5,EMA_CROSSOVER,SELL,1,75786.0,76515.0,2478.39,-7290.0,-71460.0,428540.0,STOP_LOSS
MCX_GOLDM_OCT2026,2026-09-06,11:50:21,OANDA_XAU_USD_M5,EMA_CROSSOVER,BUY,1,79039.0,79833.0,2585.87,7940.0,-34330.0,465670.0,TAKE_PROFIT
MCX_GOLDM_OCT2026,2026-09-06,11:50:39,OANDA_XAU_USD_M5,EMA_CROSSOVER,BUY,1,75922.0,76857.0,2489.48,9350.0,-62110.0,437890.0,TAKE_PROFIT
MCX_GOLDM_OCT2026,2026-09-06,11:50:57,OANDA_XAU_USD_M5,EMA_CROSSOVER,SELL,1,85799.0,84398.0,2733.75,14010.0,57570.0,557570.0,TAKE_PROFIT
MCX_GOLDM_OCT2026,2026-09-06,11:51:01,OANDA_XAU_USD_M5,EMA_CROSSOVER,SELL,1,81958.0,82371.0,2668.07,-4130.0,-38460.0,461540.0,STOP_LOSS
MCX_GOLDM_OCT2026,2026-09-06,11:51:01,OANDA_XAU_USD_M5,EMA_CROSSOVER,SELL,1,84557.0,85286.0,2762.51,-7290.0,50280.0,550280.0,STOP_LOSS
MCX_GOLDM_OCT2026,2026-09-06,11:51:27,OANDA_XAU_USD_M5,EMA_CROSSOVER,SELL,1,84656.0,83395.0,2701.25,12610.0,-25850.0,474150.0,TAKE_PROFIT
MCX_GOLDM_OCT2026,2026-09-06,11:51:27,OANDA_XAU_USD_M5,EMA_CROSSOVER,SELL,1,75660.0,76115.0,2465.43,-4550.0,-66660.0,433340.0,STOP_LOSS
MCX_GOLDM_OCT2026,2026-09-06,11:51:46,OANDA_XAU_USD_M5,EMA_CROSSOVER,BUY,1,83912.0,83226.0,2695.78,-6860.0,43420.0,543420.0,STOP_LOSS
MCX_GOLDM_OCT2026,2026-09-06,11:51:52,OANDA_XAU_USD_M5,EMA_CROSSOVER,SELL,1,83226.0,82680.0,2678.09,5460.0,48880.0,548880.0,SIGNAL_REVERSAL
MCX_GOLDM_OCT2026,2026-09-06,11:52:00,OANDA_XAU_USD_M5,EMA_CROSSOVER,BUY,1,82680.0,82075.0,2658.48,-6050.0,42830.0,542830.0,STOP_LOSS
MCX_GOLDM_OCT2026,2026-09-06,11:52:22,OANDA_XAU_USD_M5,EMA_CROSSOVER,BUY,1,82053.0,82982.0,2687.86,9290.0,52120.0,552120.0,TAKE_PROFIT
MCX_GOLDM_OCT2026,2026-09-06,11:53:16,OANDA_XAU_USD_M5,EMA_CROSSOVER,SELL,1,83759.0,84384.0,2733.29,-6250.0,45870.0,545870.0,STOP_LOSS
MCX_GOLDM_OCT2026,2026-09-06,11:53:22,OANDA_XAU_USD_M5,EMA_CROSSOVER,SELL,1,79774.0,78486.0,2542.25,12880.0,-53780.0,446220.0,TAKE_PROFIT
MCX_GOLDM_OCT2026,2026-09-06,11:53:36,OANDA_XAU_USD_M5,EMA_CROSSOVER,SELL,1,82264.0,83262.0,2696.94,-9980.0,-35830.0,464170.0,STOP_LOSS
MCX_GOLDM_OCT2026,2026-09-06,11:53:52,OANDA_XAU_USD_M5,EMA_CROSSOVER,SELL,1,82825.0,81854.0,2651.32,9710.0,-26120.0,473880.0,TAKE_PROFIT
MCX_GOLDM_OCT2026,2026-09-06,11:53:56,OANDA_XAU_USD_M5,EMA_CROSSOVER,SELL,1,80256.0,80686.0,2613.51,-4300.0,-58080.0,441920.0,STOP_LOSS
MCX_GOLDM_OCT2026,2026-09-06,11:54:08,OANDA_XAU_USD_M5,EMA_CROSSOVER,SELL,1,83024.0,83713.0,2711.54,-6890.0,38980.0,538980.0,STOP_LOSS
MCX_GOLDM_OCT2026,2026-09-06,11:54:50,OANDA_XAU_USD_M5,EMA_CROSSOVER,SELL,1,83017.0,83928.0,2718.52,-9110.0,-35230.0,464770.0,STOP_LOSS
MCX_GOLDM_OCT2026,2026-09-06,11:54:50,OANDA_XAU_USD_M5,EMA_CROSSOVER,BUY,1,82931.0,82411.0,2669.39,-5200.0,33780.0,533780.0,STOP_LOSS
MCX_GOLDM_OCT2026,2026-09-06,11:55:08,OANDA_XAU_USD_M5,EMA_CROSSOVER,SELL,1,83705.0,82706.0,2678.92,9990.0,-25240.0,474760.0,TAKE_PROFIT
MCX_GOLDM_OCT2026,2026-09-06,11:55:21,OANDA_XAU_USD_M5,EMA_CROSSOVER,SELL,1,81386.0,80539.0,2608.75,8470.0,42250.0,542250.0,TAKE_PROFIT
MCX_GOLDM_OCT2026,2026-09-06,11:55:59,OANDA_XAU_USD_M5,EMA_CROSSOVER,BUY,1,77860.0,77278.0,2503.11,-5820.0,-63900.0,436100.0,STOP_LOSS
MCX_GOLDM_OCT2026,2026-09-06,11:56:01,OANDA_XAU_USD_M5,EMA_CROSSOVER,BUY,1,80084.0,79394.0,2571.64,-6900.0,35350.0,535350.0,STOP_LOSS
MCX_GOLDM_OCT2026,2026-09-06,11:56:21,OANDA_XAU_USD_M5,EMA_CROSSOVER,SELL,1,75366.0,74540.0,2414.44,8260.0,-55640.0,444360.0,TAKE_PROFIT
MCX_GOLDM_OCT2026,2026-09-06,11:56:39,OANDA_XAU_USD_M5,EMA_CROSSOVER,BUY,1,75602.0,75025.0,2430.15,-5770.0,29580.0,529580.0,STOP_LOSS
MCX_GOLDM_OCT2026,2026-09-06,11:57:05,OANDA_XAU_USD_M5,EMA_CROSSOVER,SELL,1,75550.0,74694.0,2419.42,8560.0,38140.0,538140.0,TAKE_PROFIT
MCX_GOLDM_OCT2026,2026-09-06,11:57:23,OANDA_XAU_USD_M5,EMA_CROSSOVER,BUY,1,75017.0,75008.0,2429.57,-90.0,38050.0,538050.0,SIGNAL_REVERSAL
MCX_GOLDM_OCT2026,2026-09-06,11:57:35,OANDA_XAU_USD_M5,EMA_CROSSOVER,SELL,1,75008.0,75538.0,2446.76,-5300.0,32750.0,532750.0,STOP_LOSS
MCX_GOLDM_OCT2026,2026-09-06,11:58:18,OANDA_XAU_USD_M5,EMA_CROSSOVER,SELL,1,76694.0,75420.0,2442.93,12740.0,45490.0,545490.0,TAKE_PROFIT
MCX_GOLDM_OCT2026,2026-09-06,11:58:37,OANDA_XAU_USD_M5,EMA_CROSSOVER,BUY,1,72214.0,73170.0,2370.04,9560.0,-46080.0,453920.0,TAKE_PROFIT
MCX_GOLDM_OCT2026,2026-09-06,11:58:49,OANDA_XAU_USD_M5,EMA_CROSSOVER,SELL,1,75919.0,76802.0,2487.7,-8830.0,-54910.0,445090.0,STOP_LOSS
MCX_GOLDM_OCT2026,2026-09-06,11:58:54,OANDA_XAU_USD_M5,EMA_CROSSOVER,BUY,1,74139.0,74048.0,2398.49,-910.0,44580.0,544580.0,SIGNAL_REVERSAL
MCX_GOLDM_OCT2026,2026-09-06,11:59:06,OANDA_XAU_USD_M5,EMA_CROSSOVER,SELL,1,74048.0,74673.0,2418.72,-6250.0,38330.0,538330.0,STOP_LOSS
MCX_GOLDM_OCT2026,2026-09-06,11:59:32,OANDA_XAU_USD_M5,EMA_CROSSOVER,SELL,1,75508.0,76208.0,2468.46,-7000.0,31330.0,531330.0,STOP_LOSS
MCX_GOLDM_OCT2026,2026-09-06,11:59:48,OANDA_XAU_USD_M5,EMA_CROSSOVER,SELL,1,79408.0,80093.0,2594.3,-6850.0,-61760.0,438240.0,STOP_LOSS
MCX_GOLDM_OCT2026,2026-09-06,11:59:54,OANDA_XAU_USD_M5,EMA_CROSSOVER,SELL,1,80093.0,81032.0,2624.72,-9390.0,-71150.0,428850.0,STOP_LOSS
MCX_GOLDM_OCT2026,2026-09-06,12:00:14,OANDA_XAU_USD_M5,EMA_CROSSOVER,SELL,1,80199.0,80940.0,2621.72,-7410.0,-78560.0,421440.0,STOP_LOSS
MCX_GOLDM_OCT2026,2026-09-06,12:00:14,OANDA_XAU_USD_M5,EMA_CROSSOVER,BUY,1,76620.0,76065.0,2463.81,-5550.0,25780.0,525780.0,STOP_LOSS
MCX_GOLDM_OCT2026,2026-09-06,12:00:48,OANDA_XAU_USD_M5,EMA_CROSSOVER,BUY,1,82256.0,83357.0,2700.03,11010.0,-67550.0,432450.0,TAKE_PROFIT
MCX_GOLDM_OCT2026,2026-09-06,12:00:48,OANDA_XAU_USD_M5,EMA_CROSSOVER,SELL,1,85687.0,86435.0,2799.71,-7480.0,-32720.0,467280.0,STOP_LOSS
MCX_GOLDM_OCT2026,2026-09-06,12:00:48,OANDA_XAU_USD_M5,EMA_CROSSOVER,SELL,1,75622.0,74636.0,2417.52,9860.0,35640.0,535640.0,TAKE_PROFIT
MCX_GOLDM_OCT2026,2026-09-06,12:01:09,OANDA_XAU_USD_M5,EMA_CROSSOVER,SELL,1,74493.0,73408.0,2377.76,10850.0,46490.0,546490.0,TAKE_PROFIT
MCX_GOLDM_OCT2026,2026-09-06,12:01:25,OANDA_XAU_USD_M5,EMA_CROSSOVER,BUY,1,72752.0,73746.0,2388.71,9940.0,56430.0,556430.0,TAKE_PROFIT
MCX_GOLDM_OCT2026,2026-09-06,12:01:43,OANDA_XAU_USD_M5,EMA_CROSSOVER,BUY,1,71718.0,71337.0,2310.67,-3810.0,52620.0,552620.0,STOP_LOSS
MCX_GOLDM_OCT2026,2026-09-06,12:02:01,OANDA_XAU_USD_M5,EMA_CROSSOVER,BUY,1,70360.0,69475.0,2250.37,-8850.0,43770.0,543770.0,STOP_LOSS
MCX_GOLDM_OCT2026,2026-09-06,12:02:32,OANDA_XAU_USD_M5,EMA_CROSSOVER,SELL,1,86550.0,87048.0,2819.58,-4980.0,-72530.0,427470.0,STOP_LOSS
MCX_GOLDM_OCT2026,2026-09-06,12:02:45,OANDA_XAU_USD_M5,EMA_CROSSOVER,SELL,1,84398.0,85131.0,2757.49,-7330.0,-40050.0,459950.0,STOP_LOSS
MCX_GOLDM_OCT2026,2026-09-06,12:03:05,OANDA_XAU_USD_M5,EMA_CROSSOVER,SELL,1,66681.0,67142.0,2174.79,-4610.0,39160.0,539160.0,STOP_LOSS
MCX_GOLDM_OCT2026,2026-09-06,12:03:12,OANDA_XAU_USD_M5,EMA_CROSSOVER,SELL,1,86994.0,87508.0,2834.46,-5140.0,-77670.0,422330.0,STOP_LOSS
MCX_GOLDM_OCT2026,2026-09-06,12:03:33,OANDA_XAU_USD_M5,EMA_CROSSOVER,BUY,1,84398.0,83505.0,2704.8,-8930.0,-48980.0,451020.0,STOP_LOSS
MCX_GOLDM_OCT2026,2026-09-06,12:03:46,OANDA_XAU_USD_M5,EMA_CROSSOVER,SELL,1,83151.0,82258.0,2664.42,8930.0,-40050.0,459950.0,TAKE_PROFIT
MCX_GOLDM_OCT2026,2026-09-06,12:03:55,OANDA_XAU_USD_M5,EMA_CROSSOVER,SELL,1,88368.0,87810.0,2844.25,5580.0,-72090.0,427910.0,SIGNAL_REVERSAL
MCX_GOLDM_OCT2026,2026-09-06,12:03:57,OANDA_XAU_USD_M5,EMA_CROSSOVER,BUY,1,87810.0,87778.0,2843.23,-320.0,-72410.0,427590.0,SIGNAL_REVERSAL
MCX_GOLDM_OCT2026,2026-09-06,12:04:01,OANDA_XAU_USD_M5,EMA_CROSSOVER,SELL,1,87778.0,88410.0,2863.69,-6320.0,-78730.0,421270.0,STOP_LOSS
MCX_GOLDM_OCT2026,2026-09-06,12:04:11,OANDA_XAU_USD_M5,EMA_CROSSOVER,BUY,1,88590.0,87218.0,2825.09,-13720.0,-92450.0,407550.0,STOP_LOSS
MCX_GOLDM_OCT2026,2026-09-06,12:04:16,OANDA_XAU_USD_M5,EMA_CROSSOVER,SELL,1,64333.0,63427.0,2054.45,9060.0,48220.0,548220.0,TAKE_PROFIT
MCX_GOLDM_OCT2026,2026-09-06,12:04:36,OANDA_XAU_USD_M5,EMA_CROSSOVER,SELL,1,62771.0,62092.0,2011.21,6790.0,55010.0,555010.0,TAKE_PROFIT
MCX_GOLDM_OCT2026,2026-09-06,12:04:47,OANDA_XAU_USD_M5,EMA_CROSSOVER,SELL,1,84756.0,85320.0,2763.59,-5640.0,-98090.0,401910.0,STOP_LOSS
MCX_GOLDM_OCT2026,2026-09-06,12:05:04,OANDA_XAU_USD_M5,EMA_CROSSOVER,BUY,1,62298.0,63334.0,2051.46,10360.0,65370.0,565370.0,TAKE_PROFIT
MCX_GOLDM_OCT2026,2026-09-06,12:05:06,OANDA_XAU_USD_M5,EMA_CROSSOVER,SELL,1,84128.0,84591.0,2739.99,-4630.0,-44680.0,455320.0,STOP_LOSS
MCX_GOLDM_OCT2026,2026-09-06,12:05:07,OANDA_XAU_USD_M5,EMA_CROSSOVER,SELL,1,86515.0,85278.0,2762.25,12370.0,-85720.0,414280.0,TAKE_PROFIT
MCX_GOLDM_OCT2026,2026-09-06,12:05:24,OANDA_XAU_USD_M5,EMA_CROSSOVER,SELL,1,64051.0,64556.0,2091.04,-5050.0,60320.0,560320.0,STOP_LOSS
MCX_GOLDM_OCT2026,2026-09-06,12:05:56,OANDA_XAU_USD_M5,EMA_CROSSOVER,BUY,1,88147.0,87433.0,2832.04,-7140.0,-51820.0,448180.0,STOP_LOSS
MCX_GOLDM_OCT2026,2026-09-06,12:06:13,OANDA_XAU_USD_M5,EMA_CROSSOVER,BUY,1,86363.0,85144.0,2757.91,-12190.0,-64010.0,435990.0,STOP_LOSS
MCX_GOLDM_OCT2026,2026-09-06,12:06:22,OANDA_XAU_USD_M5,EMA_CROSSOVER,SELL,1,89714.0,90589.0,2934.27,-8750.0,-94470.0,405530.0,STOP_LOSS
MCX_GOLDM_OCT2026,2026-09-06,12:06:55,OANDA_XAU_USD_M5,EMA_CROSSOVER,BUY,1,82913.0,84260.0,2729.27,13470.0,-50540.0,449460.0,TAKE_PROFIT
MCX_GOLDM_OCT2026,2026-09-06,12:07:11,OANDA_XAU_USD_M5,EMA_CROSSOVER,SELL,1,67579.0,66710.0,2160.8,8690.0,69010.0,569010.0,TAKE_PROFIT
MCX_GOLDM_OCT2026,2026-09-06,12:07:21,OANDA_XAU_USD_M5,EMA_CROSSOVER,SELL,1,66950.0,67602.0,2189.69,-6520.0,62490.0,562490.0,STOP_LOSS
MCX_GOLDM_OCT2026,2026-09-06,12:07:44,OANDA_XAU_USD_M5,EMA_CROSSOVER,SELL,1,92109.0,90704.0,2937.98,14050.0,-80420.0,419580.0,TAKE_PROFIT
MCX_GOLDM_OCT2026,2026-09-06,12:07:45,OANDA_XAU_USD_M5,EMA_CROSSOVER,BUY,1,66014.0,66788.0,2163.34,7740.0,70230.0,570230.0,TAKE_PROFIT
MCX_GOLDM_OCT2026,2026-09-06,12:08:10,OANDA_XAU_USD_M5,EMA_CROSSOVER,SELL,1,91635.0,92587.0,2998.98,-9520.0,-89940.0,410060.0,STOP_LOSS
MCX_GOLDM_OCT2026,2026-09-06,12:08:38,OANDA_XAU_USD_M5,EMA_CROSSOVER,BUY,1,91976.0,91294.0,2957.1,-6820.0,-96760.0,403240.0,STOP_LOSS
MCX_GOLDM_OCT2026,2026-09-06,12:08:51,OANDA_XAU_USD_M5,EMA_CROSSOVER,SELL,1,91564.0,92046.0,2981.47,-4820.0,-101580.0,398420.0,STOP_LOSS
MCX_GOLDM_OCT2026,2026-09-06,12:09:02,OANDA_XAU_USD_M5,EMA_CROSSOVER,BUY,1,68454.0,69310.0,2245.01,8560.0,78790.0,578790.0,TAKE_PROFIT
MCX_GOLDM_OCT2026,2026-09-06,12:09:16,OANDA_XAU_USD_M5,EMA_CROSSOVER,SELL,1,86409.0,85287.0,2762.54,11220.0,-39320.0,460680.0,TAKE_PROFIT
MCX_GOLDM_OCT2026,2026-09-06,12:09:17,OANDA_XAU_USD_M5,EMA_CROSSOVER,BUY,1,92961.0,92182.0,2985.88,-7790.0,-109370.0,390630.0,STOP_LOSS
MCX_GOLDM_OCT2026,2026-09-06,12:09:44,OANDA_XAU_USD_M5,EMA_CROSSOVER,BUY,1,70156.0,71257.0,2308.09,11010.0,89800.0,589800.0,TAKE_PROFIT
MCX_GOLDM_OCT2026,2026-09-06,12:09:47,OANDA_XAU_USD_M5,EMA_CROSSOVER,SELL,1,93978.0,92811.0,3006.24,11670.0,-97700.0,402300.0,TAKE_PROFIT
MCX_GOLDM_OCT2026,2026-09-06,12:09:48,OANDA_XAU_USD_M5,EMA_CROSSOVER,SELL,1,85209.0,85752.0,2777.6,-5430.0,-44750.0,455250.0,STOP_LOSS
MCX_GOLDM_OCT2026,2026-09-06,12:10:07,OANDA_XAU_USD_M5,EMA_CROSSOVER,SELL,1,92521.0,93273.0,3021.22,-7520.0,-105220.0,394780.0,STOP_LOSS
MCX_GOLDM_OCT2026,2026-09-06,12:10:28,OANDA_XAU_USD_M5,EMA_CROSSOVER,SELL,1,72663.0,73445.0,2378.95,-7820.0,81980.0,581980.0,STOP_LOSS
MCX_GOLDM_OCT2026,2026-09-06,12:10:28,OANDA_XAU_USD_M5,EMA_CROSSOVER,SELL,1,85427.0,86173.0,2791.23,-7460.0,-52210.0,447790.0,STOP_LOSS
MCX_GOLDM_OCT2026,2026-09-06,12:11:09,OANDA_XAU_USD_M5,EMA_CROSSOVER,SELL,1,85245.0,83895.0,2717.45,13500.0,-38710.0,461290.0,TAKE_PROFIT
MCX_GOLDM_OCT2026,2026-09-06,12:11:16,OANDA_XAU_USD_M5,EMA_CROSSOVER,SELL,1,71291.0,70687.0,2289.64,6040.0,88020.0,588020.0,SIGNAL_REVERSAL
MCX_GOLDM_OCT2026,2026-09-06,12:11:19,OANDA_XAU_USD_M5,EMA_CROSSOVER,BUY,1,70687.0,70231.0,2274.85,-4560.0,83460.0,583460.0,STOP_LOSS
MCX_GOLDM_OCT2026,2026-09-06,12:11:45,OANDA_XAU_USD_M5,EMA_CROSSOVER,BUY,1,81401.0,80669.0,2612.95,-7320.0,-46030.0,453970.0,STOP_LOSS
MCX_GOLDM_OCT2026,2026-09-06,12:11:55,OANDA_XAU_USD_M5,EMA_CROSSOVER,SELL,1,68164.0,68666.0,2224.15,-5020.0,78440.0,578440.0,STOP_LOSS
MCX_GOLDM_OCT2026,2026-09-06,12:11:59,OANDA_XAU_USD_M5,EMA_CROSSOVER,BUY,1,68666.0,67642.0,2191.0,-10240.0,68200.0,568200.0,STOP_LOSS
MCX_GOLDM_OCT2026,2026-09-06,12:12:11,OANDA_XAU_USD_M5,EMA_CROSSOVER,BUY,1,82046.0,82983.0,2687.89,9370.0,-36660.0,463340.0,TAKE_PROFIT
MCX_GOLDM_OCT2026,2026-09-06,12:12:44,OANDA_XAU_USD_M5,EMA_CROSSOVER,SELL,1,95481.0,95980.0,3108.89,-4990.0,-110210.0,389790.0,STOP_LOSS
MCX_GOLDM_OCT2026,2026-09-06,12:12:53,OANDA_XAU_USD_M5,EMA_CROSSOVER,BUY,1,65799.0,66948.0,2168.51,11490.0,79690.0,579690.0,TAKE_PROFIT
MCX_GOLDM_OCT2026,2026-09-06,12:12:59,OANDA_XAU_USD_M5,EMA_CROSSOVER,BUY,1,66948.0,66521.0,2154.69,-4270.0,75420.0,575420.0,STOP_LOSS
MCX_GOLDM_OCT2026,2026-09-06,12:13:03,OANDA_XAU_USD_M5,EMA_CROSSOVER,SELL,1,84860.0,85588.0,2772.28,-7280.0,-43940.0,456060.0,STOP_LOSS
MCX_GOLDM_OCT2026,2026-09-06,12:13:17,OANDA_XAU_USD_M5,EMA_CROSSOVER,SELL,1,68070.0,67097.0,2173.35,9730.0,85150.0,585150.0,TAKE_PROFIT
MCX_GOLDM_OCT2026,2026-09-06,12:13:22,OANDA_XAU_USD_M5,EMA_CROSSOVER,BUY,1,98685.0,100198.0,3245.53,15130.0,-95080.0,404920.0,TAKE_PROFIT
MCX_GOLDM_OCT2026,2026-09-06,12:14:04,OANDA_XAU_USD_M5,EMA_CROSSOVER,BUY,1,102287.0,101724.0,3294.96,-5630.0,-100710.0,399290.0,STOP_LOSS
MCX_GOLDM_OCT2026,2026-09-06,12:14:08,OANDA_XAU_USD_M5,EMA_CROSSOVER,BUY,1,101920.0,101395.0,3284.3,-5250.0,-105960.0,394040.0,STOP_LOSS
MCX_GOLDM_OCT2026,2026-09-06,12:14:19,OANDA_XAU_USD_M5,EMA_CROSSOVER,SELL,1,67802.0,67328.0,2180.83,4740.0,89890.0,589890.0,SIGNAL_REVERSAL
MCX_GOLDM_OCT2026,2026-09-06,12:14:23,OANDA_XAU_USD_M5,EMA_CROSSOVER,BUY,1,67328.0,66791.0,2163.44,-5370.0,84520.0,584520.0,STOP_LOSS
MCX_GOLDM_OCT2026,2026-09-06,12:14:31,OANDA_XAU_USD_M5,EMA_CROSSOVER,BUY,1,100704.0,102017.0,3304.45,13130.0,-92830.0,407170.0,TAKE_PROFIT
MCX_GOLDM_OCT2026,2026-09-06,12:14:33,OANDA_XAU_USD_M5,EMA_CROSSOVER,SELL,1,66840.0,65512.0,2122.0,13280.0,97800.0,597800.0,TAKE_PROFIT
MCX_GOLDM_OCT2026,2026-09-06,12:14:37,OANDA_XAU_USD_M5,EMA_CROSSOVER,SELL,1,101433.0,102038.0,3305.12,-6050.0,-98880.0,401120.0,STOP_LOSS
MCX_GOLDM_OCT2026,2026-09-06,12:14:52,OANDA_XAU_USD_M5,EMA_CROSSOVER,SELL,1,88933.0,87858.0,2845.81,10750.0,-33190.0,466810.0,TAKE_PROFIT
MCX_GOLDM_OCT2026,2026-09-06,12:14:54,OANDA_XAU_USD_M5,EMA_CROSSOVER,SELL,1,66572.0,67350.0,2181.55,-7780.0,90020.0,590020.0,STOP_LOSS
MCX_GOLDM_OCT2026,2026-09-06,12:15:03,OANDA_XAU_USD_M5,EMA_CROSSOVER,BUY,1,101695.0,103006.0,3336.46,13110.0,-85770.0,414230.0,TAKE_PROFIT
MCX_GOLDM_OCT2026,2026-09-06,12:15:47,OANDA_XAU_USD_M5,EMA_CROSSOVER,BUY,1,106183.0,108025.0,3499.04,18420.0,-67350.0,432650.0,TAKE_PROFIT
MCX_GOLDM_OCT2026,2026-09-06,12:16:07,OANDA_XAU_USD_M5,EMA_CROSSOVER,SELL,1,108181.0,108907.0,3527.62,-7260.0,-74610.0,425390.0,STOP_LOSS
MCX_GOLDM_OCT2026,2026-09-06,12:16:09,OANDA_XAU_USD_M5,EMA_CROSSOVER,BUY,1,88603.0,88092.0,2853.38,-5110.0,-38300.0,461700.0,STOP_LOSS
MCX_GOLDM_OCT2026,2026-09-06,12:16:25,OANDA_XAU_USD_M5,EMA_CROSSOVER,SELL,1,107966.0,108720.0,3521.56,-7540.0,-82150.0,417850.0,STOP_LOSS
MCX_GOLDM_OCT2026,2026-09-06,12:16:29,OANDA_XAU_USD_M5,EMA_CROSSOVER,SELL,1,85782.0,86235.0,2793.24,-4530.0,-42830.0,457170.0,STOP_LOSS
MCX_GOLDM_OCT2026,2026-09-06,12:16:30,OANDA_XAU_USD_M5,EMA_CROSSOVER,BUY,1,68541.0,67792.0,2195.85,-7490.0,82530.0,582530.0,STOP_LOSS
MCX_GOLDM_OCT2026,2026-09-06,12:17:12,OANDA_XAU_USD_M5,EMA_CROSSOVER,SELL,1,110469.0,110611.0,3582.79,-1420.0,-83570.0,416430.0,SIGNAL_REVERSAL
MCX_GOLDM_OCT2026,2026-09-06,12:17:13,OANDA_XAU_USD_M5,EMA_CROSSOVER,SELL,1,86542.0,87018.0,2818.61,-4760.0,-47590.0,452410.0,STOP_LOSS
MCX_GOLDM_OCT2026,2026-09-06,12:17:14,OANDA_XAU_USD_M5,EMA_CROSSOVER,BUY,1,110611.0,109680.0,3552.65,-9310.0,-92880.0,407120.0,STOP_LOSS
MCX_GOLDM_OCT2026,2026-09-06,12:17:23,OANDA_XAU_USD_M5,EMA_CROSSOVER,SELL,1,86614.0,87039.0,2819.27,-4250.0,-51840.0,448160.0,SIGNAL_REVERSAL
MCX_GOLDM_OCT2026,2026-09-06,12:17:33,OANDA_XAU_USD_M5,EMA_CROSSOVER,SELL,1,66945.0,67717.0,2193.43,-7720.0,74810.0,574810.0,STOP_LOSS
MCX_GOLDM_OCT2026,2026-09-06,12:17:42,OANDA_XAU_USD_M5,EMA_CROSSOVER,SELL,1,110359.0,110206.0,3569.68,1530.0,-91350.0,408650.0,SIGNAL_REVERSAL
MCX_GOLDM_OCT2026,2026-09-06,12:17:44,OANDA_XAU_USD_M5,EMA_CROSSOVER,BUY,1,110206.0,109125.0,3534.67,-10810.0,-102160.0,397840.0,STOP_LOSS
MCX_GOLDM_OCT2026,2026-09-06,12:17:47,OANDA_XAU_USD_M5,EMA_CROSSOVER,BUY,1,87039.0,86572.0,2804.17,-4670.0,-56510.0,443490.0,STOP_LOSS
MCX_GOLDM_OCT2026,2026-09-06,12:18:26,OANDA_XAU_USD_M5,EMA_CROSSOVER,SELL,1,108512.0,107330.0,3476.54,11820.0,-90340.0,409660.0,TAKE_PROFIT
MCX_GOLDM_OCT2026,2026-09-06,12:18:58,OANDA_XAU_USD_M5,EMA_CROSSOVER,BUY,1,105527.0,105393.0,3413.79,-1340.0,-91680.0,408320.0,SIGNAL_REVERSAL
MCX_GOLDM_OCT2026,2026-09-06,12:19:04,OANDA_XAU_USD_M5,EMA_CROSSOVER,SELL,1,83982.0,83225.0,2695.74,7570.0,-48940.0,451060.0,SIGNAL_REVERSAL
MCX_GOLDM_OCT2026,2026-09-06,12:19:06,OANDA_XAU_USD_M5,EMA_CROSSOVER,BUY,1,83225.0,82641.0,2676.84,-5840.0,-54780.0,445220.0,STOP_LOSS
MCX_GOLDM_OCT2026,2026-09-06,12:19:12,OANDA_XAU_USD_M5,EMA_CROSSOVER,SELL,1,105393.0,104083.0,3371.34,13100.0,-78580.0,421420.0,TAKE_PROFIT
MCX_GOLDM_OCT2026,2026-09-06,12:19:36,OANDA_XAU_USD_M5,EMA_CROSSOVER,BUY,1,83929.0,83431.0,2702.42,-4980.0,-59760.0,440240.0,STOP_LOSS
MCX_GOLDM_OCT2026,2026-09-06,12:19:51,OANDA_XAU_USD_M5,EMA_CROSSOVER,SELL,1,64832.0,65569.0,2123.84,-7370.0,67440.0,567440.0,STOP_LOSS
MCX_GOLDM_OCT2026,2026-09-06,12:20:20,OANDA_XAU_USD_M5,EMA_CROSSOVER,BUY,1,88658.0,87801.0,2843.96,-8570.0,-68330.0,431670.0,STOP_LOSS
MCX_GOLDM_OCT2026,2026-09-06,12:20:46,OANDA_XAU_USD_M5,EMA_CROSSOVER,BUY,1,87909.0,88871.0,2878.63,9620.0,-58710.0,441290.0,TAKE_PROFIT
MCX_GOLDM_OCT2026,2026-09-06,12:20:56,OANDA_XAU_USD_M5,EMA_CROSSOVER,SELL,1,89251.0,90243.0,2923.06,-9920.0,-68630.0,431370.0,STOP_LOSS
MCX_GOLDM_OCT2026,2026-09-06,12:21:06,OANDA_XAU_USD_M5,EMA_CROSSOVER,BUY,1,90595.0,91688.0,2969.88,10930.0,-57700.0,442300.0,TAKE_PROFIT
MCX_GOLDM_OCT2026,2026-09-06,12:21:10,OANDA_XAU_USD_M5,EMA_CROSSOVER,BUY,1,92217.0,91385.0,2960.05,-8320.0,-66020.0,433980.0,STOP_LOSS
MCX_GOLDM_OCT2026,2026-09-06,12:21:17,OANDA_XAU_USD_M5,EMA_CROSSOVER,SELL,1,104389.0,103157.0,3341.35,12320.0,-66260.0,433740.0,TAKE_PROFIT
MCX_GOLDM_OCT2026,2026-09-06,12:21:34,OANDA_XAU_USD_M5,EMA_CROSSOVER,BUY,1,65042.0,65991.0,2137.53,9490.0,76930.0,576930.0,TAKE_PROFIT
MCX_GOLDM_OCT2026,2026-09-06,12:21:50,OANDA_XAU_USD_M5,EMA_CROSSOVER,BUY,1,68448.0,67947.0,2200.86,-5010.0,71920.0,571920.0,STOP_LOSS
MCX_GOLDM_OCT2026,2026-09-06,12:22:11,OANDA_XAU_USD_M5,EMA_CROSSOVER,SELL,1,91967.0,90480.0,2930.74,14870.0,-51150.0,448850.0,TAKE_PROFIT
MCX_GOLDM_OCT2026,2026-09-06,12:22:23,OANDA_XAU_USD_M5,EMA_CROSSOVER,SELL,1,90824.0,91548.0,2965.32,-7240.0,-58390.0,441610.0,STOP_LOSS
MCX_GOLDM_OCT2026,2026-09-06,12:22:45,OANDA_XAU_USD_M5,EMA_CROSSOVER,BUY,1,92090.0,92278.0,2988.97,1880.0,-56510.0,443490.0,SIGNAL_REVERSAL
MCX_GOLDM_OCT2026,2026-09-06,12:23:05,OANDA_XAU_USD_M5,EMA_CROSSOVER,SELL,1,92278.0,92954.0,3010.86,-6760.0,-63270.0,436730.0,STOP_LOSS
MCX_GOLDM_OCT2026,2026-09-06,12:23:08,OANDA_XAU_USD_M5,EMA_CROSSOVER,SELL,1,68518.0,67420.0,2183.79,10980.0,82900.0,582900.0,TAKE_PROFIT
MCX_GOLDM_OCT2026,2026-09-06,12:23:19,OANDA_XAU_USD_M5,EMA_CROSSOVER,SELL,1,92539.0,93024.0,3013.14,-4850.0,-68120.0,431880.0,STOP_LOSS
MCX_GOLDM_OCT2026,2026-09-06,12:23:31,OANDA_XAU_USD_M5,EMA_CROSSOVER,BUY,1,104968.0,104354.0,3380.12,-6140.0,-72400.0,427600.0,STOP_LOSS
MCX_GOLDM_OCT2026,2026-09-06,12:23:39,OANDA_XAU_USD_M5,EMA_CROSSOVER,BUY,1,104283.0,103279.0,3345.3,-10040.0,-82440.0,417560.0,STOP_LOSS
MCX_GOLDM_OCT2026,2026-09-06,12:23:49,OANDA_XAU_USD_M5,EMA_CROSSOVER,SELL,1,92199.0,91129.0,2951.75,10700.0,-57420.0,442580.0,TAKE_PROFIT
MCX_GOLDM_OCT2026,2026-09-06,12:24:04,OANDA_XAU_USD_M5,EMA_CROSSOVER,SELL,1,71313.0,70414.0,2280.77,8990.0,91890.0,591890.0,TAKE_PROFIT
MCX_GOLDM_OCT2026,2026-09-06,12:24:22,OANDA_XAU_USD_M5,EMA_CROSSOVER,BUY,1,104223.0,105448.0,3415.57,12250.0,-70190.0,429810.0,TAKE_PROFIT
MCX_GOLDM_OCT2026,2026-09-06,12:24:26,OANDA_XAU_USD_M5,EMA_CROSSOVER,SELL,1,70628.0,71101.0,2303.05,-4730.0,87160.0,587160.0,STOP_LOSS
MCX_GOLDM_OCT2026,2026-09-06,12:24:50,OANDA_XAU_USD_M5,EMA_CROSSOVER,BUY,1,91721.0,90720.0,2938.51,-10010.0,-67430.0,432570.0,STOP_LOSS
MCX_GOLDM_OCT2026,2026-09-06,12:25:22,OANDA_XAU_USD_M5,EMA_CROSSOVER,BUY,1,109005.0,108254.0,3506.47,-7510.0,-77700.0,422300.0,STOP_LOSS
MCX_GOLDM_OCT2026,2026-09-06,12:25:36,OANDA_XAU_USD_M5,EMA_CROSSOVER,BUY,1,91308.0,90783.0,2940.56,-5250.0,-72680.0,427320.0,STOP_LOSS
MCX_GOLDM_OCT2026,2026-09-06,12:25:40,OANDA_XAU_USD_M5,EMA_CROSSOVER,SELL,1,107652.0,108657.0,3519.5,-10050.0,-87750.0,412250.0,STOP_LOSS
MCX_GOLDM_OCT2026,2026-09-06,12:26:15,OANDA_XAU_USD_M5,EMA_CROSSOVER,BUY,1,111233.0,110343.0,3574.12,-8900.0,-96650.0,403350.0,STOP_LOSS
MCX_GOLDM_OCT2026,2026-09-06,12:26:15,OANDA_XAU_USD_M5,EMA_CROSSOVER,BUY,1,88729.0,89837.0,2909.92,11080.0,-61600.0,438400.0,TAKE_PROFIT
MCX_GOLDM_OCT2026,2026-09-06,12:26:25,OANDA_XAU_USD_M5,EMA_CROSSOVER,BUY,1,110156.0,111607.0,3615.05,14510.0,-82140.0,417860.0,TAKE_PROFIT
MCX_GOLDM_OCT2026,2026-09-06,12:26:29,OANDA_XAU_USD_M5,EMA_CROSSOVER,SELL,1,111607.0,112210.0,3634.6,-6030.0,-88170.0,411830.0,STOP_LOSS
MCX_GOLDM_OCT2026,2026-09-06,12:26:31,OANDA_XAU_USD_M5,EMA_CROSSOVER,BUY,1,70629.0,70131.0,2271.61,-4980.0,82180.0,582180.0,STOP_LOSS
MCX_GOLDM_OCT2026,2026-09-06,12:27:46,OANDA_XAU_USD_M5,EMA_CROSSOVER,SELL,1,92749.0,94004.0,3044.88,-12550.0,-74150.0,425850.0,STOP_LOSS
MCX_GOLDM_OCT2026,2026-09-06,12:28:06,OANDA_XAU_USD_M5,EMA_CROSSOVER,SELL,1,112871.0,111647.0,3616.37,12240.0,-75930.0,424070.0,TAKE_PROFIT
MCX_GOLDM_OCT2026,2026-09-06,12:28:10,OANDA_XAU_USD_M5,EMA_CROSSOVER,SELL,1,93245.0,94093.0,3047.78,-8480.0,-82630.0,417370.0,STOP_LOSS
MCX_GOLDM_OCT2026,2026-09-06,12:28:28,OANDA_XAU_USD_M5,EMA_CROSSOVER,SELL,1,112385.0,110767.0,3587.87,16180.0,-59750.0,440250.0,TAKE_PROFIT
MCX_GOLDM_OCT2026,2026-09-06,12:28:28,OANDA_XAU_USD_M5,EMA_CROSSOVER,SELL,1,93330.0,93943.0,3042.91,-6130.0,-88760.0,411240.0,STOP_LOSS
MCX_GOLDM_OCT2026,2026-09-06,12:28:44,OANDA_XAU_USD_M5,EMA_CROSSOVER,SELL,1,94518.0,95045.0,3078.6,-5270.0,-94030.0,405970.0,STOP_LOSS
MCX_GOLDM_OCT2026,2026-09-06,12:29:20,OANDA_XAU_USD_M5,EMA_CROSSOVER,SELL,1,95292.0,96593.0,3128.76,-13010.0,-107040.0,392960.0,STOP_LOSS
MCX_GOLDM_OCT2026,2026-09-06,12:29:20,OANDA_XAU_USD_M5,EMA_CROSSOVER,SELL,1,70389.0,71099.0,2302.97,-7100.0,75080.0,575080.0,STOP_LOSS
MCX_GOLDM_OCT2026,2026-09-06,12:29:41,OANDA_XAU_USD_M5,EMA_CROSSOVER,BUY,1,70534.0,69777.0,2260.14,-7570.0,67510.0,567510.0,STOP_LOSS
MCX_GOLDM_OCT2026,2026-09-06,12:29:45,OANDA_XAU_USD_M5,EMA_CROSSOVER,BUY,1,95978.0,97599.0,3161.32,16210.0,-90830.0,409170.0,TAKE_PROFIT
MCX_GOLDM_OCT2026,2026-09-06,12:30:09,OANDA_XAU_USD_M5,EMA_CROSSOVER,BUY,1,97756.0,98737.0,3198.19,9810.0,-81020.0,418980.0,TAKE_PROFIT
MCX_GOLDM_OCT2026,2026-09-06,12:30:19,OANDA_XAU_USD_M5,EMA_CROSSOVER,SELL,1,114401.0,115577.0,3743.66,-11760.0,-71510.0,428490.0,STOP_LOSS
MCX_GOLDM_OCT2026,2026-09-06,12:30:19,OANDA_XAU_USD_M5,EMA_CROSSOVER,SELL,1,70625.0,71165.0,2305.12,-5400.0,62110.0,562110.0,STOP_LOSS
MCX_GOLDM_OCT2026,2026-09-06,12:30:33,OANDA_XAU_USD_M5,EMA_CROSSOVER,BUY,1,71298.0,70225.0,2274.65,-10730.0,51380.0,551380.0,STOP_LOSS
MCX_GOLDM_OCT2026,2026-09-06,12:31:27,OANDA_XAU_USD_M5,EMA_CROSSOVER,SELL,1,114909.0,115524.0,3741.93,-6150.0,-77660.0,422340.0,STOP_LOSS
MCX_GOLDM_OCT2026,2026-09-06,12:31:44,OANDA_XAU_USD_M5,EMA_CROSSOVER,BUY,1,98309.0,97448.0,3156.45,-8610.0,-89630.0,410370.0,STOP_LOSS
MCX_GOLDM_OCT2026,2026-09-06,12:31:44,OANDA_XAU_USD_M5,EMA_CROSSOVER,SELL,1,63959.0,62786.0,2033.7,11730.0,63110.0,563110.0,TAKE_PROFIT
MCX_GOLDM_OCT2026,2026-09-06,12:31:45,OANDA_XAU_USD_M5,EMA_CROSSOVER,SELL,1,115844.0,116802.0,3783.32,-9580.0,-87240.0,412760.0,STOP_LOSS
MCX_GOLDM_OCT2026,2026-09-06,12:31:54,OANDA_XAU_USD_M5,EMA_CROSSOVER,SELL,1,97830.0,98449.0,3188.86,-6190.0,-95820.0,404180.0,STOP_LOSS
MCX_GOLDM_OCT2026,2026-09-06,12:31:57,OANDA_XAU_USD_M5,EMA_CROSSOVER,SELL,1,116927.0,118002.0,3822.21,-10750.0,-97990.0,402010.0,STOP_LOSS
MCX_GOLDM_OCT2026,2026-09-06,12:32:14,OANDA_XAU_USD_M5,EMA_CROSSOVER,SELL,1,98870.0,99445.0,3221.11,-5750.0,-101570.0,398430.0,STOP_LOSS
MCX_GOLDM_OCT2026,2026-09-06,12:32:30,OANDA_XAU_USD_M5,EMA_CROSSOVER,BUY,1,98968.0,98398.0,3187.21,-5700.0,-107270.0,392730.0,STOP_LOSS
MCX_GOLDM_OCT2026,2026-09-06,12:33:02,OANDA_XAU_USD_M5,EMA_CROSSOVER,BUY,1,63269.0,62875.0,2036.57,-3940.0,59170.0,559170.0,STOP_LOSS
MCX_GOLDM_OCT2026,2026-09-06,12:33:12,OANDA_XAU_USD_M5,EMA_CROSSOVER,SELL,1,116943.0,115722.0,3748.36,12210.0,-85780.0,414220.0,TAKE_PROFIT
MCX_GOLDM_OCT2026,2026-09-06,12:33:39,OANDA_XAU_USD_M5,EMA_CROSSOVER,BUY,1,60367.0,59978.0,1942.76,-3890.0,55280.0,555280.0,STOP_LOSS
MCX_GOLDM_OCT2026,2026-09-06,12:33:43,OANDA_XAU_USD_M5,EMA_CROSSOVER,BUY,1,99403.0,100440.0,3253.36,10370.0,-96900.0,403100.0,TAKE_PROFIT
MCX_GOLDM_OCT2026,2026-09-06,12:33:59,OANDA_XAU_USD_M5,EMA_CROSSOVER,BUY,1,62386.0,63056.0,2042.44,6700.0,61980.0,561980.0,TAKE_PROFIT
MCX_GOLDM_OCT2026,2026-09-06,12:34:17,OANDA_XAU_USD_M5,EMA_CROSSOVER,BUY,1,119316.0,118642.0,3842.92,-6740.0,-92520.0,407480.0,STOP_LOSS
MCX_GOLDM_OCT2026,2026-09-06,12:34:21,OANDA_XAU_USD_M5,EMA_CROSSOVER,BUY,1,98866.0,98289.0,3183.69,-5770.0,-102670.0,397330.0,STOP_LOSS
MCX_GOLDM_OCT2026,2026-09-06,12:34:29,OANDA_XAU_USD_M5,EMA_CROSSOVER,BUY,1,62193.0,62848.0,2035.72,6550.0,68530.0,568530.0,TAKE_PROFIT
MCX_GOLDM_OCT2026,2026-09-06,12:35:02,OANDA_XAU_USD_M5,EMA_CROSSOVER,BUY,1,99563.0,99472.0,3222.01,-910.0,-103580.0,396420.0,SIGNAL_REVERSAL
MCX_GOLDM_OCT2026,2026-09-06,12:35:14,OANDA_XAU_USD_M5,EMA_CROSSOVER,SELL,1,99472.0,100025.0,3239.9,-5530.0,-109110.0,390890.0,STOP_LOSS
MCX_GOLDM_OCT2026,2026-09-06,12:35:34,OANDA_XAU_USD_M5,EMA_CROSSOVER,BUY,1,64572.0,65226.0,2112.75,6540.0,75070.0,575070.0,TAKE_PROFIT
MCX_GOLDM_OCT2026,2026-09-06,12:35:38,OANDA_XAU_USD_M5,EMA_CROSSOVER,BUY,1,65226.0,65930.0,2135.54,7040.0,82110.0,582110.0,TAKE_PROFIT
MCX_GOLDM_OCT2026,2026-09-06,12:36:12,OANDA_XAU_USD_M5,EMA_CROSSOVER,SELL,1,100297.0,101143.0,3276.14,-8460.0,-117570.0,382430.0,STOP_LOSS
MCX_GOLDM_OCT2026,2026-09-06,12:36:26,OANDA_XAU_USD_M5,EMA_CROSSOVER,SELL,1,102826.0,103555.0,3354.26,-7290.0,-124860.0,375140.0,STOP_LOSS
MCX_GOLDM_OCT2026,2026-09-06,12:36:32,OANDA_XAU_USD_M5,EMA_CROSSOVER,BUY,1,119016.0,118031.0,3823.15,-9850.0,-102370.0,397630.0,STOP_LOSS
MCX_GOLDM_OCT2026,2026-09-06,12:37:08,OANDA_XAU_USD_M5,EMA_CROSSOVER,SELL,1,119487.0,119716.0,3877.72,-2290.0,-104660.0,395340.0,SIGNAL_REVERSAL
MCX_GOLDM_OCT2026,2026-09-06,12:37:13,OANDA_XAU_USD_M5,EMA_CROSSOVER,BUY,1,64358.0,65316.0,2115.65,9580.0,91690.0,591690.0,TAKE_PROFIT
MCX_GOLDM_OCT2026,2026-09-06,12:37:14,OANDA_XAU_USD_M5,EMA_CROSSOVER,BUY,1,119716.0,120495.0,3902.95,7790.0,-96870.0,403130.0,SIGNAL_REVERSAL
MCX_GOLDM_OCT2026,2026-09-06,12:37:18,OANDA_XAU_USD_M5,EMA_CROSSOVER,SELL,1,120495.0,122071.0,3953.99,-15760.0,-112630.0,387370.0,STOP_LOSS
MCX_GOLDM_OCT2026,2026-09-06,12:37:21,OANDA_XAU_USD_M5,EMA_CROSSOVER,BUY,1,64940.0,64372.0,2085.09,-5680.0,86010.0,586010.0,STOP_LOSS
MCX_GOLDM_OCT2026,2026-09-06,12:37:53,OANDA_XAU_USD_M5,EMA_CROSSOVER,SELL,1,64861.0,63817.0,2067.09,10440.0,96450.0,596450.0,TAKE_PROFIT
MCX_GOLDM_OCT2026,2026-09-06,12:38:11,OANDA_XAU_USD_M5,EMA_CROSSOVER,SELL,1,62923.0,63699.0,2063.28,-7760.0,88690.0,588690.0,STOP_LOSS
MCX_GOLDM_OCT2026,2026-09-06,12:38:48,OANDA_XAU_USD_M5,EMA_CROSSOVER,BUY,1,96836.0,96238.0,3117.24,-5980.0,-130840.0,369160.0,STOP_LOSS
MCX_GOLDM_OCT2026,2026-09-06,12:39:14,OANDA_XAU_USD_M5,EMA_CROSSOVER,SELL,1,61972.0,60955.0,1974.4,10170.0,98860.0,598860.0,TAKE_PROFIT
MCX_GOLDM_OCT2026,2026-09-06,12:39:26,OANDA_XAU_USD_M5,EMA_CROSSOVER,SELL,1,62504.0,61484.0,1991.52,10200.0,109060.0,609060.0,TAKE_PROFIT
MCX_GOLDM_OCT2026,2026-09-06,12:39:29,OANDA_XAU_USD_M5,EMA_CROSSOVER,SELL,1,128165.0,129314.0,4188.62,-11490.0,-124120.0,375880.0,STOP_LOSS
MCX_GOLDM_OCT2026,2026-09-06,12:39:36,OANDA_XAU_USD_M5,EMA_CROSSOVER,BUY,1,61544.0,61095.0,1978.92,-4490.0,104570.0,604570.0,STOP_LOSS
MCX_GOLDM_OCT2026,2026-09-06,12:39:38,OANDA_XAU_USD_M5,EMA_CROSSOVER,SELL,1,95335.0,96087.0,3112.34,-7520.0,-138360.0,361640.0,STOP_LOSS
MCX_GOLDM_OCT2026,2026-09-06,12:39:56,OANDA_XAU_USD_M5,EMA_CROSSOVER,BUY,1,127871.0,127013.0,4114.08,-8580.0,-132700.0,367300.0,STOP_LOSS
MCX_GOLDM_OCT2026,2026-09-06,12:39:58,OANDA_XAU_USD_M5,EMA_CROSSOVER,SELL,1,95588.0,96559.0,3127.63,-9710.0,-148070.0,351930.0,STOP_LOSS
MCX_GOLDM_OCT2026,2026-09-06,12:40:35,OANDA_XAU_USD_M5,EMA_CROSSOVER,BUY,1,95894.0,97511.0,3158.48,16170.0,-131900.0,368100.0,TAKE_PROFIT
MCX_GOLDM_OCT2026,2026-09-06,12:40:59,OANDA_XAU_USD_M5,EMA_CROSSOVER,BUY,1,96177.0,95543.0,3094.73,-6340.0,-138240.0,361760.0,STOP_LOSS
MCX_GOLDM_OCT2026,2026-09-06,12:41:46,OANDA_XAU_USD_M5,EMA_CROSSOVER,SELL,1,128773.0,129663.0,4199.91,-8900.0,-141600.0,358400.0,STOP_LOSS
MCX_GOLDM_OCT2026,2026-09-06,12:41:55,OANDA_XAU_USD_M5,EMA_CROSSOVER,BUY,1,67184.0,66316.0,2148.04,-8680.0,95890.0,595890.0,STOP_LOSS
MCX_GOLDM_OCT2026,2026-09-06,12:42:32,OANDA_XAU_USD_M5,EMA_CROSSOVER,SELL,1,96534.0,95516.0,3093.86,10180.0,-128060.0,371940.0,TAKE_PROFIT
MCX_GOLDM_OCT2026,2026-09-06,12:42:49,OANDA_XAU_USD_M5,EMA_CROSSOVER,SELL,1,131808.0,131878.0,4271.67,-700.0,-142300.0,357700.0,SIGNAL_REVERSAL
MCX_GOLDM_OCT2026,2026-09-06,12:42:57,OANDA_XAU_USD_M5,EMA_CROSSOVER,BUY,1,131878.0,131070.0,4245.49,-8080.0,-150380.0,349620.0,STOP_LOSS
MCX_GOLDM_OCT2026,2026-09-06,12:43:06,OANDA_XAU_USD_M5,EMA_CROSSOVER,BUY,1,94537.0,93984.0,3044.24,-5530.0,-133590.0,366410.0,STOP_LOSS
MCX_GOLDM_OCT2026,2026-09-06,12:43:23,OANDA_XAU_USD_M5,EMA_CROSSOVER,BUY,1,94118.0,93486.0,3028.1,-6320.0,-139910.0,360090.0,STOP_LOSS
MCX_GOLDM_OCT2026,2026-09-06,12:44:01,OANDA_XAU_USD_M5,EMA_CROSSOVER,BUY,1,92716.0,93740.0,3036.35,10240.0,-129670.0,370330.0,TAKE_PROFIT
MCX_GOLDM_OCT2026,2026-09-06,12:44:20,OANDA_XAU_USD_M5,EMA_CROSSOVER,SELL,1,66924.0,67283.0,2179.36,-3590.0,92300.0,592300.0,STOP_LOSS
MCX_GOLDM_OCT2026,2026-09-06,12:44:34,OANDA_XAU_USD_M5,EMA_CROSSOVER,SELL,1,66912.0,65858.0,2133.21,10540.0,102840.0,602840.0,TAKE_PROFIT
MCX_GOLDM_OCT2026,2026-09-06,12:44:39,OANDA_XAU_USD_M5,EMA_CROSSOVER,BUY,1,94577.0,94048.0,3046.32,-5290.0,-134960.0,365040.0,STOP_LOSS
MCX_GOLDM_OCT2026,2026-09-06,12:44:46,OANDA_XAU_USD_M5,EMA_CROSSOVER,BUY,1,66434.0,65964.0,2136.64,-4700.0,98140.0,598140.0,STOP_LOSS
MCX_GOLDM_OCT2026,2026-09-06,12:45:00,OANDA_XAU_USD_M5,EMA_CROSSOVER,SELL,1,130952.0,129506.0,4194.84,14460.0,-135920.0,364080.0,TAKE_PROFIT
MCX_GOLDM_OCT2026,2026-09-06,12:46:06,OANDA_XAU_USD_M5,EMA_CROSSOVER,SELL,1,91402.0,91987.0,2979.54,-5850.0,-140810.0,359190.0,STOP_LOSS
MCX_GOLDM_OCT2026,2026-09-06,12:46:19,OANDA_XAU_USD_M5,EMA_CROSSOVER,BUY,1,130937.0,130194.0,4217.12,-7430.0,-143350.0,356650.0,STOP_LOSS
MCX_GOLDM_OCT2026,2026-09-06,12:46:20,OANDA_XAU_USD_M5,EMA_CROSSOVER,SELL,1,92156.0,92776.0,3005.1,-6200.0,-147010.0,352990.0,STOP_LOSS
MCX_GOLDM_OCT2026,2026-09-06,12:46:37,OANDA_XAU_USD_M5,EMA_CROSSOVER,SELL,1,69648.0,68562.0,2220.78,10860.0,109000.0,609000.0,TAKE_PROFIT
MCX_GOLDM_OCT2026,2026-09-06,12:47:09,OANDA_XAU_USD_M5,EMA_CROSSOVER,BUY,1,129797.0,131360.0,4254.88,15630.0,-127720.0,372280.0,TAKE_PROFIT
MCX_GOLDM_OCT2026,2026-09-06,12:47:11,OANDA_XAU_USD_M5,EMA_CROSSOVER,BUY,1,90859.0,91787.0,2973.08,9280.0,-137730.0,362270.0,TAKE_PROFIT
MCX_GOLDM_OCT2026,2026-09-06,12:47:27,OANDA_XAU_USD_M5,EMA_CROSSOVER,SELL,1,91670.0,92460.0,2994.88,-7900.0,-145630.0,354370.0,STOP_LOSS
MCX_GOLDM_OCT2026,2026-09-06,12:47:47,OANDA_XAU_USD_M5,EMA_CROSSOVER,BUY,1,130323.0,129644.0,4199.29,-6790.0,-134510.0,365490.0,STOP_LOSS
MCX_GOLDM_OCT2026,2026-09-06,12:47:55,OANDA_XAU_USD_M5,EMA_CROSSOVER,BUY,1,93347.0,94690.0,3067.11,13430.0,-132200.0,367800.0,TAKE_PROFIT
MCX_GOLDM_OCT2026,2026-09-06,12:48:24,OANDA_XAU_USD_M5,EMA_CROSSOVER,SELL,1,96627.0,97122.0,3145.87,-4950.0,-137150.0,362850.0,STOP_LOSS
MCX_GOLDM_OCT2026,2026-09-06,12:48:54,OANDA_XAU_USD_M5,EMA_CROSSOVER,BUY,1,131246.0,129864.0,4206.43,-13820.0,-148330.0,351670.0,STOP_LOSS
MCX_GOLDM_OCT2026,2026-09-06,12:49:04,OANDA_XAU_USD_M5,EMA_CROSSOVER,BUY,1,130756.0,132438.0,4289.79,16820.0,-131510.0,368490.0,TAKE_PROFIT
MCX_GOLDM_OCT2026,2026-09-06,12:49:16,OANDA_XAU_USD_M5,EMA_CROSSOVER,BUY,1,99528.0,99110.0,3210.27,-4180.0,-141330.0,358670.0,SIGNAL_REVERSAL
MCX_GOLDM_OCT2026,2026-09-06,12:49:18,OANDA_XAU_USD_M5,EMA_CROSSOVER,SELL,1,99110.0,97938.0,3172.32,11720.0,-129610.0,370390.0,TAKE_PROFIT
MCX_GOLDM_OCT2026,2026-09-06,12:50:13,OANDA_XAU_USD_M5,EMA_CROSSOVER,SELL,1,136631.0,137753.0,4461.96,-11220.0,-142730.0,357270.0,STOP_LOSS
MCX_GOLDM_OCT2026,2026-09-06,12:50:21,OANDA_XAU_USD_M5,EMA_CROSSOVER,SELL,1,137325.0,138308.0,4479.95,-9830.0,-152560.0,347440.0,STOP_LOSS
MCX_GOLDM_OCT2026,2026-09-06,12:50:35,OANDA_XAU_USD_M5,EMA_CROSSOVER,BUY,1,102046.0,103100.0,3339.5,10540.0,-119070.0,380930.0,TAKE_PROFIT
MCX_GOLDM_OCT2026,2026-09-06,12:51:01,OANDA_XAU_USD_M5,EMA_CROSSOVER,SELL,1,102637.0,101514.0,3288.15,11230.0,-107840.0,392160.0,TAKE_PROFIT
MCX_GOLDM_OCT2026,2026-09-06,12:51:07,OANDA_XAU_USD_M5,EMA_CROSSOVER,BUY,1,137703.0,136708.0,4428.11,-9950.0,-162510.0,337490.0,STOP_LOSS
MCX_GOLDM_OCT2026,2026-09-06,12:51:14,OANDA_XAU_USD_M5,EMA_CROSSOVER,SELL,1,69433.0,69841.0,2262.22,-4080.0,104920.0,604920.0,STOP_LOSS
MCX_GOLDM_OCT2026,2026-09-06,12:51:34,OANDA_XAU_USD_M5,EMA_CROSSOVER,BUY,1,68342.0,67648.0,2191.18,-6940.0,97980.0,597980.0,STOP_LOSS
MCX_GOLDM_OCT2026,2026-09-06,12:51:38,OANDA_XAU_USD_M5,EMA_CROSSOVER,SELL,1,103401.0,103425.0,3350.03,-240.0,-108080.0,391920.0,SIGNAL_REVERSAL
MCX_GOLDM_OCT2026,2026-09-06,12:51:40,OANDA_XAU_USD_M5,EMA_CROSSOVER,BUY,1,103425.0,102337.0,3314.79,-10880.0,-118960.0,381040.0,STOP_LOSS
MCX_GOLDM_OCT2026,2026-09-06,12:51:58,OANDA_XAU_USD_M5,EMA_CROSSOVER,SELL,1,135146.0,135937.0,4403.15,-7910.0,-170420.0,329580.0,STOP_LOSS
MCX_GOLDM_OCT2026,2026-09-06,12:52:06,OANDA_XAU_USD_M5,EMA_CROSSOVER,BUY,1,66466.0,67362.0,2181.94,8960.0,106940.0,606940.0,TAKE_PROFIT
MCX_GOLDM_OCT2026,2026-09-06,12:52:50,OANDA_XAU_USD_M5,EMA_CROSSOVER,BUY,1,100934.0,101721.0,3294.86,7870.0,-111090.0,388910.0,SIGNAL_REVERSAL
MCX_GOLDM_OCT2026,2026-09-06,12:53:00,OANDA_XAU_USD_M5,EMA_CROSSOVER,SELL,1,136686.0,137408.0,4450.79,-7220.0,-177640.0,322360.0,STOP_LOSS
MCX_GOLDM_OCT2026,2026-09-06,12:53:08,OANDA_XAU_USD_M5,EMA_CROSSOVER,SELL,1,101721.0,102656.0,3325.13,-9350.0,-120440.0,379560.0,STOP_LOSS
MCX_GOLDM_OCT2026,2026-09-06,12:53:47,OANDA_XAU_USD_M5,EMA_CROSSOVER,SELL,1,137306.0,138387.0,4482.48,-10810.0,-188450.0,311550.0,STOP_LOSS
MCX_GOLDM_OCT2026,2026-09-06,12:54:11,OANDA_XAU_USD_M5,EMA_CROSSOVER,SELL,1,138094.0,138971.0,4501.42,-8770.0,-197220.0,302780.0,STOP_LOSS
MCX_GOLDM_OCT2026,2026-09-06,12:54:21,OANDA_XAU_USD_M5,EMA_CROSSOVER,BUY,1,99257.0,98425.0,3188.1,-8320.0,-128760.0,371240.0,STOP_LOSS
MCX_GOLDM_OCT2026,2026-09-06,12:54:23,OANDA_XAU_USD_M5,EMA_CROSSOVER,SELL,1,69650.0,68606.0,2222.21,10440.0,117380.0,617380.0,TAKE_PROFIT
MCX_GOLDM_OCT2026,2026-09-06,12:54:49,OANDA_XAU_USD_M5,EMA_CROSSOVER,BUY,1,139925.0,138999.0,4502.33,-9260.0,-206480.0,293520.0,STOP_LOSS
MCX_GOLDM_OCT2026,2026-09-06,12:55:04,OANDA_XAU_USD_M5,EMA_CROSSOVER,BUY,1,99604.0,98962.0,3205.48,-6420.0,-135180.0,364820.0,STOP_LOSS
MCX_GOLDM_OCT2026,2026-09-06,12:55:10,OANDA_XAU_USD_M5,EMA_CROSSOVER,BUY,1,98937.0,98313.0,3184.47,-6240.0,-141420.0,358580.0,STOP_LOSS
MCX_GOLDM_OCT2026,2026-09-06,12:55:10,OANDA_XAU_USD_M5,EMA_CROSSOVER,BUY,1,67045.0,68232.0,2210.11,11870.0,129250.0,629250.0,TAKE_PROFIT
MCX_GOLDM_OCT2026,2026-09-06,12:55:38,OANDA_XAU_USD_M5,EMA_CROSSOVER,SELL,1,99750.0,100518.0,3255.88,-7680.0,-149100.0,350900.0,STOP_LOSS
MCX_GOLDM_OCT2026,2026-09-06,12:55:52,OANDA_XAU_USD_M5,EMA_CROSSOVER,BUY,1,139818.0,138777.0,4495.14,-10410.0,-216890.0,283110.0,STOP_LOSS
MCX_GOLDM_OCT2026,2026-09-06,12:55:56,OANDA_XAU_USD_M5,EMA_CROSSOVER,SELL,1,68792.0,67873.0,2198.47,9190.0,138440.0,638440.0,TAKE_PROFIT
MCX_GOLDM_OCT2026,2026-09-06,12:57:57,OANDA_XAU_USD_M5,EMA_CROSSOVER,SELL,1,68767.0,69922.0,2264.83,-11550.0,126890.0,626890.0,STOP_LOSS
MCX_GOLDM_OCT2026,2026-09-06,12:58:13,OANDA_XAU_USD_M5,EMA_CROSSOVER,SELL,1,70563.0,69105.0,2238.38,14580.0,141470.0,641470.0,TAKE_PROFIT
MCX_GOLDM_OCT2026,2026-09-06,12:58:59,OANDA_XAU_USD_M5,EMA_CROSSOVER,SELL,1,135876.0,136579.0,4423.92,-7030.0,-223920.0,276080.0,STOP_LOSS
MCX_GOLDM_OCT2026,2026-09-06,12:59:20,OANDA_XAU_USD_M5,EMA_CROSSOVER,BUY,1,97006.0,96457.0,3124.34,-5490.0,-154590.0,345410.0,STOP_LOSS
MCX_GOLDM_OCT2026,2026-09-06,12:59:30,OANDA_XAU_USD_M5,EMA_CROSSOVER,BUY,1,70559.0,71567.0,2318.12,10080.0,151550.0,651550.0,TAKE_PROFIT
MCX_GOLDM_OCT2026,2026-09-06,13:00:00,OANDA_XAU_USD_M5,EMA_CROSSOVER,BUY,1,69247.0,68800.0,2228.5,-4470.0,147080.0,647080.0,STOP_LOSS
MCX_GOLDM_OCT2026,2026-09-06,13:00:07,OANDA_XAU_USD_M5,EMA_CROSSOVER,SELL,1,94717.0,93334.0,3023.18,13830.0,-140760.0,359240.0,TAKE_PROFIT
MCX_GOLDM_OCT2026,2026-09-06,13:00:14,OANDA_XAU_USD_M5,EMA_CROSSOVER,BUY,1,139200.0,138271.0,4478.74,-9290.0,-233210.0,266790.0,STOP_LOSS
MCX_GOLDM_OCT2026,2026-09-06,13:01:33,OANDA_XAU_USD_M5,EMA_CROSSOVER,BUY,1,94300.0,95551.0,3095.0,12510.0,-128250.0,371750.0,TAKE_PROFIT
MCX_GOLDM_OCT2026,2026-09-06,13:01:42,OANDA_XAU_USD_M5,EMA_CROSSOVER,BUY,1,94751.0,94223.0,3051.97,-5280.0,-133530.0,366470.0,STOP_LOSS
MCX_GOLDM_OCT2026,2026-09-06,13:02:01,OANDA_XAU_USD_M5,EMA_CROSSOVER,SELL,1,138550.0,139782.0,4527.69,-12320.0,-245530.0,254470.0,STOP_LOSS
MCX_GOLDM_OCT2026,2026-09-06,13:02:01,OANDA_XAU_USD_M5,EMA_CROSSOVER,BUY,1,64840.0,65492.0,2121.34,6520.0,153600.0,653600.0,TAKE_PROFIT
MCX_GOLDM_OCT2026,2026-09-06,13:02:36,OANDA_XAU_USD_M5,EMA_CROSSOVER,SELL,1,91942.0,92668.0,3001.62,-7260.0,-140790.0,359210.0,STOP_LOSS
MCX_GOLDM_OCT2026,2026-09-06,13:02:47,OANDA_XAU_USD_M5,EMA_CROSSOVER,BUY,1,66889.0,67576.0,2188.87,6870.0,160470.0,660470.0,TAKE_PROFIT
MCX_GOLDM_OCT2026,2026-09-06,13:03:27,OANDA_XAU_USD_M5,EMA_CROSSOVER,SELL,1,135411.0,133904.0,4337.3,15070.0,-230460.0,269540.0,TAKE_PROFIT
MCX_GOLDM_OCT2026,2026-09-06,13:03:52,OANDA_XAU_USD_M5,EMA_CROSSOVER,SELL,1,133829.0,132922.0,4305.48,9070.0,-221390.0,278610.0,SIGNAL_REVERSAL
MCX_GOLDM_OCT2026,2026-09-06,13:03:56,OANDA_XAU_USD_M5,EMA_CROSSOVER,BUY,1,59742.0,60464.0,1958.5,7220.0,167690.0,667690.0,TAKE_PROFIT
MCX_GOLDM_OCT2026,2026-09-06,13:03:58,OANDA_XAU_USD_M5,EMA_CROSSOVER,BUY,1,132922.0,132926.0,4305.6,40.0,-221350.0,278650.0,SIGNAL_REVERSAL
MCX_GOLDM_OCT2026,2026-09-06,13:04:00,OANDA_XAU_USD_M5,EMA_CROSSOVER,SELL,1,60499.0,60895.0,1972.44,-3960.0,163730.0,663730.0,STOP_LOSS
MCX_GOLDM_OCT2026,2026-09-06,13:04:10,OANDA_XAU_USD_M5,EMA_CROSSOVER,BUY,1,60895.0,61813.0,2002.2,9180.0,172910.0,672910.0,TAKE_PROFIT
MCX_GOLDM_OCT2026,2026-09-06,13:04:22,OANDA_XAU_USD_M5,EMA_CROSSOVER,SELL,1,132926.0,133753.0,4332.38,-8270.0,-229620.0,270380.0,STOP_LOSS
MCX_GOLDM_OCT2026,2026-09-06,13:04:26,OANDA_XAU_USD_M5,EMA_CROSSOVER,BUY,1,133753.0,132858.0,4303.39,-8950.0,-238570.0,261430.0,STOP_LOSS
MCX_GOLDM_OCT2026,2026-09-06,13:04:50,OANDA_XAU_USD_M5,EMA_CROSSOVER,BUY,1,132059.0,133383.0,4320.41,13240.0,-225330.0,274670.0,TAKE_PROFIT
MCX_GOLDM_OCT2026,2026-09-06,13:04:53,OANDA_XAU_USD_M5,EMA_CROSSOVER,BUY,1,60267.0,59229.0,1918.48,-10380.0,162530.0,662530.0,STOP_LOSS
MCX_GOLDM_OCT2026,2026-09-06,13:05:08,OANDA_XAU_USD_M5,EMA_CROSSOVER,BUY,1,133625.0,132907.0,4304.99,-7180.0,-232510.0,267490.0,STOP_LOSS
MCX_GOLDM_OCT2026,2026-09-06,13:05:20,OANDA_XAU_USD_M5,EMA_CROSSOVER,SELL,1,89810.0,88843.0,2877.7,9670.0,-131120.0,368880.0,TAKE_PROFIT
MCX_GOLDM_OCT2026,2026-09-06,13:05:35,OANDA_XAU_USD_M5,EMA_CROSSOVER,SELL,1,59129.0,58303.0,1888.5,8260.0,170790.0,670790.0,TAKE_PROFIT
MCX_GOLDM_OCT2026,2026-09-06,13:06:07,OANDA_XAU_USD_M5,EMA_CROSSOVER,BUY,1,57241.0,56430.0,1827.82,-8110.0,162680.0,662680.0,STOP_LOSS
MCX_GOLDM_OCT2026,2026-09-06,13:06:42,OANDA_XAU_USD_M5,EMA_CROSSOVER,SELL,1,56397.0,55690.0,1803.87,7070.0,169750.0,669750.0,TAKE_PROFIT
MCX_GOLDM_OCT2026,2026-09-06,13:07:10,OANDA_XAU_USD_M5,EMA_CROSSOVER,SELL,1,53644.0,53252.0,1724.9,3920.0,173670.0,673670.0,SIGNAL_REVERSAL
MCX_GOLDM_OCT2026,2026-09-06,13:07:21,OANDA_XAU_USD_M5,EMA_CROSSOVER,SELL,1,87796.0,88826.0,2877.15,-10300.0,-141420.0,358580.0,STOP_LOSS
MCX_GOLDM_OCT2026,2026-09-06,13:07:22,OANDA_XAU_USD_M5,EMA_CROSSOVER,BUY,1,53252.0,54646.0,1770.05,13940.0,187610.0,687610.0,TAKE_PROFIT
MCX_GOLDM_OCT2026,2026-09-06,13:07:37,OANDA_XAU_USD_M5,EMA_CROSSOVER,BUY,1,89712.0,89251.0,2890.92,-4610.0,-146030.0,353970.0,STOP_LOSS
MCX_GOLDM_OCT2026,2026-09-06,13:08:04,OANDA_XAU_USD_M5,EMA_CROSSOVER,SELL,1,52917.0,52067.0,1686.49,8500.0,196110.0,696110.0,TAKE_PROFIT
MCX_GOLDM_OCT2026,2026-09-06,13:08:07,OANDA_XAU_USD_M5,EMA_CROSSOVER,SELL,1,86288.0,86791.0,2811.25,-5030.0,-151060.0,348940.0,STOP_LOSS
MCX_GOLDM_OCT2026,2026-09-06,13:08:16,OANDA_XAU_USD_M5,EMA_CROSSOVER,BUY,1,129357.0,130765.0,4235.61,14080.0,-218430.0,281570.0,TAKE_PROFIT
MCX_GOLDM_OCT2026,2026-09-06,13:08:20,OANDA_XAU_USD_M5,EMA_CROSSOVER,SELL,1,50056.0,49549.0,1604.93,5070.0,201180.0,701180.0,TAKE_PROFIT
MCX_GOLDM_OCT2026,2026-09-06,13:08:24,OANDA_XAU_USD_M5,EMA_CROSSOVER,BUY,1,49549.0,49287.0,1596.44,-2620.0,198560.0,698560.0,STOP_LOSS
MCX_GOLDM_OCT2026,2026-09-06,13:08:36,OANDA_XAU_USD_M5,EMA_CROSSOVER,BUY,1,87520.0,88498.0,2866.53,9780.0,-141280.0,358720.0,TAKE_PROFIT
MCX_GOLDM_OCT2026,2026-09-06,13:08:56,OANDA_XAU_USD_M5,EMA_CROSSOVER,SELL,1,128614.0,127233.0,4121.2,13810.0,-204620.0,295380.0,TAKE_PROFIT
MCX_GOLDM_OCT2026,2026-09-06,13:09:32,OANDA_XAU_USD_M5,EMA_CROSSOVER,BUY,1,88473.0,89376.0,2894.98,9030.0,-132250.0,367750.0,TAKE_PROFIT
MCX_GOLDM_OCT2026,2026-09-06,13:09:37,OANDA_XAU_USD_M5,EMA_CROSSOVER,BUY,1,52440.0,53246.0,1724.68,8060.0,206620.0,706620.0,TAKE_PROFIT
MCX_GOLDM_OCT2026,2026-09-06,13:09:59,OANDA_XAU_USD_M5,EMA_CROSSOVER,BUY,1,126912.0,126159.0,4086.41,-7530.0,-212150.0,287850.0,STOP_LOSS
MCX_GOLDM_OCT2026,2026-09-06,13:10:15,OANDA_XAU_USD_M5,EMA_CROSSOVER,SELL,1,55167.0,55615.0,1801.44,-4480.0,202140.0,702140.0,STOP_LOSS
MCX_GOLDM_OCT2026,2026-09-06,13:10:17,OANDA_XAU_USD_M5,EMA_CROSSOVER,BUY,1,92481.0,91716.0,2970.78,-7650.0,-139900.0,360100.0,STOP_LOSS
MCX_GOLDM_OCT2026,2026-09-06,13:10:37,OANDA_XAU_USD_M5,EMA_CROSSOVER,SELL,1,56775.0,57213.0,1853.2,-4380.0,197760.0,697760.0,STOP_LOSS
MCX_GOLDM_OCT2026,2026-09-06,13:10:43,OANDA_XAU_USD_M5,EMA_CROSSOVER,SELL,1,92770.0,93244.0,3020.26,-4740.0,-144640.0,355360.0,STOP_LOSS
MCX_GOLDM_OCT2026,2026-09-06,13:10:52,OANDA_XAU_USD_M5,EMA_CROSSOVER,BUY,1,56652.0,56246.0,1821.87,-4060.0,193700.0,693700.0,STOP_LOSS
MCX_GOLDM_OCT2026,2026-09-06,13:11:17,OANDA_XAU_USD_M5,EMA_CROSSOVER,SELL,1,125238.0,123977.0,4015.73,12610.0,-199540.0,300460.0,TAKE_PROFIT
MCX_GOLDM_OCT2026,2026-09-06,13:11:20,OANDA_XAU_USD_M5,EMA_CROSSOVER,SELL,1,55047.0,55589.0,1800.6,-5420.0,188280.0,688280.0,STOP_LOSS
MCX_GOLDM_OCT2026,2026-09-06,13:11:32,OANDA_XAU_USD_M5,EMA_CROSSOVER,SELL,1,55769.0,55204.0,1788.11,5650.0,193930.0,693930.0,TAKE_PROFIT
MCX_GOLDM_OCT2026,2026-09-06,13:11:44,OANDA_XAU_USD_M5,EMA_CROSSOVER,BUY,1,54590.0,53436.0,1730.86,-11540.0,182390.0,682390.0,STOP_LOSS
MCX_GOLDM_OCT2026,2026-09-06,13:12:32,OANDA_XAU_USD_M5,EMA_CROSSOVER,SELL,1,54190.0,54893.0,1778.04,-7030.0,175360.0,675360.0,STOP_LOSS
MCX_GOLDM_OCT2026,2026-09-06,13:13:06,OANDA_XAU_USD_M5,EMA_CROSSOVER,SELL,1,91426.0,92061.0,2981.95,-6350.0,-150990.0,349010.0,STOP_LOSS
MCX_GOLDM_OCT2026,2026-09-06,13:13:13,OANDA_XAU_USD_M5,EMA_CROSSOVER,SELL,1,53787.0,52946.0,1714.96,8410.0,183770.0,683770.0,TAKE_PROFIT
MCX_GOLDM_OCT2026,2026-09-06,13:13:31,OANDA_XAU_USD_M5,EMA_CROSSOVER,BUY,1,53575.0,53304.0,1726.58,-2710.0,181060.0,681060.0,STOP_LOSS
MCX_GOLDM_OCT2026,2026-09-06,13:13:34,OANDA_XAU_USD_M5,EMA_CROSSOVER,BUY,1,131274.0,130460.0,4225.73,-8140.0,-207680.0,292320.0,STOP_LOSS
MCX_GOLDM_OCT2026,2026-09-06,13:13:36,OANDA_XAU_USD_M5,EMA_CROSSOVER,SELL,1,92269.0,91046.0,2949.08,12230.0,-138760.0,361240.0,TAKE_PROFIT
MCX_GOLDM_OCT2026,2026-09-06,13:13:45,OANDA_XAU_USD_M5,EMA_CROSSOVER,BUY,1,90888.0,90094.0,2918.25,-7940.0,-146700.0,353300.0,STOP_LOSS
MCX_GOLDM_OCT2026,2026-09-06,13:14:07,OANDA_XAU_USD_M5,EMA_CROSSOVER,BUY,1,130829.0,130098.0,4214.02,-7310.0,-214990.0,285010.0,STOP_LOSS
MCX_GOLDM_OCT2026,2026-09-06,13:14:17,OANDA_XAU_USD_M5,EMA_CROSSOVER,BUY,1,53825.0,54577.0,1767.8,7520.0,188580.0,688580.0,TAKE_PROFIT
MCX_GOLDM_OCT2026,2026-09-06,13:14:23,OANDA_XAU_USD_M5,EMA_CROSSOVER,BUY,1,90128.0,91398.0,2960.48,12700.0,-134000.0,366000.0,TAKE_PROFIT
MCX_GOLDM_OCT2026,2026-09-06,13:14:29,OANDA_XAU_USD_M5,EMA_CROSSOVER,BUY,1,131918.0,133380.0,4320.33,14620.0,-200370.0,299630.0,TAKE_PROFIT
MCX_GOLDM_OCT2026,2026-09-06,13:14:29,OANDA_XAU_USD_M5,EMA_CROSSOVER,BUY,1,56632.0,56162.0,1819.13,-4700.0,183880.0,683880.0,STOP_LOSS
MCX_GOLDM_OCT2026,2026-09-06,13:14:35,OANDA_XAU_USD_M5,EMA_CROSSOVER,BUY,1,55357.0,55921.0,1811.34,5640.0,189520.0,689520.0,TAKE_PROFIT
MCX_GOLDM_OCT2026,2026-09-06,13:14:39,OANDA_XAU_USD_M5,EMA_CROSSOVER,SELL,1,93226.0,93883.0,3040.97,-6570.0,-140570.0,359430.0,STOP_LOSS
MCX_GOLDM_OCT2026,2026-09-06,13:14:58,OANDA_XAU_USD_M5,EMA_CROSSOVER,BUY,1,56037.0,55260.0,1789.94,-7770.0,181750.0,681750.0,STOP_LOSS
MCX_GOLDM_OCT2026,2026-09-06,13:15:00,OANDA_XAU_USD_M5,EMA_CROSSOVER,BUY,1,55260.0,54715.0,1772.29,-5450.0,176300.0,676300.0,STOP_LOSS
MCX_GOLDM_OCT2026,2026-09-06,13:15:01,OANDA_XAU_USD_M5,EMA_CROSSOVER,BUY,1,96561.0,95765.0,3101.92,-7960.0,-148530.0,351470.0,STOP_LOSS
MCX_GOLDM_OCT2026,2026-09-06,13:15:05,OANDA_XAU_USD_M5,EMA_CROSSOVER,SELL,1,132911.0,131254.0,4251.46,16570.0,-183800.0,316200.0,TAKE_PROFIT
MCX_GOLDM_OCT2026,2026-09-06,13:15:16,OANDA_XAU_USD_M5,EMA_CROSSOVER,SELL,1,131254.0,132259.0,4284.02,-10050.0,-193850.0,306150.0,STOP_LOSS
MCX_GOLDM_OCT2026,2026-09-06,13:15:30,OANDA_XAU_USD_M5,EMA_CROSSOVER,BUY,1,95225.0,96190.0,3115.68,9650.0,-138880.0,361120.0,TAKE_PROFIT
MCX_GOLDM_OCT2026,2026-09-06,13:15:50,OANDA_XAU_USD_M5,EMA_CROSSOVER,BUY,1,131357.0,132885.0,4304.29,15280.0,-178570.0,321430.0,TAKE_PROFIT
MCX_GOLDM_OCT2026,2026-09-06,13:15:58,OANDA_XAU_USD_M5,EMA_CROSSOVER,BUY,1,132885.0,131937.0,4273.57,-9480.0,-188050.0,311950.0,STOP_LOSS
MCX_GOLDM_OCT2026,2026-09-06,13:16:24,OANDA_XAU_USD_M5,EMA_CROSSOVER,SELL,1,55986.0,56691.0,1836.27,-7050.0,169250.0,669250.0,STOP_LOSS
MCX_GOLDM_OCT2026,2026-09-06,13:16:30,OANDA_XAU_USD_M5,EMA_CROSSOVER,BUY,1,99504.0,100740.0,3263.06,12360.0,-126520.0,373480.0,TAKE_PROFIT
MCX_GOLDM_OCT2026,2026-09-06,13:16:47,OANDA_XAU_USD_M5,EMA_CROSSOVER,BUY,1,100373.0,101386.0,3283.98,10130.0,-116390.0,383610.0,TAKE_PROFIT
MCX_GOLDM_OCT2026,2026-09-06,13:16:55,OANDA_XAU_USD_M5,EMA_CROSSOVER,SELL,1,52853.0,52146.0,1689.07,7070.0,176320.0,676320.0,TAKE_PROFIT
MCX_GOLDM_OCT2026,2026-09-06,13:18:16,OANDA_XAU_USD_M5,EMA_CROSSOVER,SELL,1,135023.0,135789.0,4398.35,-7660.0,-195710.0,304290.0,STOP_LOSS
MCX_GOLDM_OCT2026,2026-09-06,13:33:18,OANDA_XAU_USD_M5,EMA_CROSSOVER,BUY,1,101491.0,102653.0,3325.05,11620.0,-104770.0,395230.0,TAKE_PROFIT
MCX_GOLDM_OCT2026,2026-09-06,16:51:10,OANDA_XAU_USD_M5,EMA_CROSSOVER,SELL,1,136713.0,137602.0,4457.08,-8890.0,-204600.0,295400.0,STOP_LOSS
MCX_GOLDM_OCT2026,2026-09-06,16:51:28,OANDA_XAU_USD_M5,EMA_CROSSOVER,SELL,1,101929.0,101101.0,3274.78,8280.0,-96490.0,403510.0,SIGNAL_REVERSAL
MCX_GOLDM_OCT2026,2026-09-06,16:51:30,OANDA_XAU_USD_M5,EMA_CROSSOVER,BUY,1,137517.0,138976.0,4501.56,14590.0,-190010.0,309990.0,TAKE_PROFIT
MCX_GOLDM_OCT2026,2026-09-06,16:51:32,OANDA_XAU_USD_M5,EMA_CROSSOVER,BUY,1,101101.0,101516.0,3288.21,4150.0,-92340.0,407660.0,SIGNAL_REVERSAL
MCX_GOLDM_OCT2026,2026-09-06,16:51:36,OANDA_XAU_USD_M5,EMA_CROSSOVER,SELL,1,101516.0,101970.0,3302.92,-4540.0,-96880.0,403120.0,SIGNAL_REVERSAL
MCX_GOLDM_OCT2026,2026-09-06,16:51:48,OANDA_XAU_USD_M5,EMA_CROSSOVER,BUY,1,101970.0,103377.0,3348.5,14070.0,-82810.0,417190.0,TAKE_PROFIT
MCX_GOLDM_OCT2026,2026-09-06,16:52:43,OANDA_XAU_USD_M5,EMA_CROSSOVER,SELL,1,52668.0,53151.0,1721.62,-4830.0,171490.0,671490.0,STOP_LOSS
MCX_GOLDM_OCT2026,2026-09-06,16:52:53,OANDA_XAU_USD_M5,EMA_CROSSOVER,BUY,1,105873.0,106959.0,3464.52,10860.0,-71950.0,428050.0,TAKE_PROFIT
MCX_GOLDM_OCT2026,2026-09-06,16:52:57,OANDA_XAU_USD_M5,EMA_CROSSOVER,SELL,1,106959.0,107709.0,3488.8,-7500.0,-79450.0,420550.0,STOP_LOSS
MCX_GOLDM_OCT2026,2026-09-06,16:53:13,OANDA_XAU_USD_M5,EMA_CROSSOVER,SELL,1,107059.0,107742.0,3489.88,-6830.0,-86280.0,413720.0,STOP_LOSS
MCX_GOLDM_OCT2026,2026-09-06,16:53:23,OANDA_XAU_USD_M5,EMA_CROSSOVER,SELL,1,50831.0,51581.0,1670.76,-7500.0,163990.0,663990.0,STOP_LOSS
MCX_GOLDM_OCT2026,2026-09-06,16:53:31,OANDA_XAU_USD_M5,EMA_CROSSOVER,BUY,1,143999.0,143250.0,4640.0,-7490.0,-197500.0,302500.0,STOP_LOSS
MCX_GOLDM_OCT2026,2026-09-06,16:53:51,OANDA_XAU_USD_M5,EMA_CROSSOVER,SELL,1,106982.0,107936.0,3496.17,-9540.0,-95820.0,404180.0,STOP_LOSS
MCX_GOLDM_OCT2026,2026-09-06,16:54:03,OANDA_XAU_USD_M5,EMA_CROSSOVER,BUY,1,143125.0,142355.0,4611.03,-7700.0,-205200.0,294800.0,STOP_LOSS
MCX_GOLDM_OCT2026,2026-09-06,16:54:20,OANDA_XAU_USD_M5,EMA_CROSSOVER,BUY,1,54033.0,53482.0,1732.33,-5510.0,158480.0,658480.0,STOP_LOSS
MCX_GOLDM_OCT2026,2026-09-06,16:54:45,OANDA_XAU_USD_M5,EMA_CROSSOVER,BUY,1,105494.0,107057.0,3467.68,15630.0,-80190.0,419810.0,TAKE_PROFIT
MCX_GOLDM_OCT2026,2026-09-06,16:54:58,OANDA_XAU_USD_M5,EMA_CROSSOVER,BUY,1,141814.0,143537.0,4649.32,17230.0,-187970.0,312030.0,TAKE_PROFIT
MCX_GOLDM_OCT2026,2026-09-06,16:55:20,OANDA_XAU_USD_M5,EMA_CROSSOVER,SELL,1,52172.0,51452.0,1666.58,7200.0,165680.0,665680.0,TAKE_PROFIT
MCX_GOLDM_OCT2026,2026-09-06,16:55:30,OANDA_XAU_USD_M5,EMA_CROSSOVER,SELL,1,109031.0,107914.0,3495.44,11170.0,-69020.0,430980.0,TAKE_PROFIT
MCX_GOLDM_OCT2026,2026-09-06,16:55:40,OANDA_XAU_USD_M5,EMA_CROSSOVER,SELL,1,145801.0,146580.0,4747.89,-7790.0,-195760.0,304240.0,STOP_LOSS
MCX_GOLDM_OCT2026,2026-09-06,16:55:52,OANDA_XAU_USD_M5,EMA_CROSSOVER,BUY,1,52325.0,53073.0,1719.09,7480.0,173160.0,673160.0,TAKE_PROFIT
MCX_GOLDM_OCT2026,2026-09-06,16:55:56,OANDA_XAU_USD_M5,EMA_CROSSOVER,BUY,1,104410.0,103791.0,3361.91,-6190.0,-75210.0,424790.0,STOP_LOSS
MCX_GOLDM_OCT2026,2026-09-06,16:56:02,OANDA_XAU_USD_M5,EMA_CROSSOVER,BUY,1,103714.0,103137.0,3340.7,-5770.0,-80980.0,419020.0,STOP_LOSS
MCX_GOLDM_OCT2026,2026-09-06,16:56:14,OANDA_XAU_USD_M5,EMA_CROSSOVER,BUY,1,52916.0,53882.0,1745.3,9660.0,182820.0,682820.0,TAKE_PROFIT
MCX_GOLDM_OCT2026,2026-09-06,16:56:20,OANDA_XAU_USD_M5,EMA_CROSSOVER,BUY,1,104230.0,103579.0,3355.04,-6510.0,-87490.0,412510.0,STOP_LOSS
MCX_GOLDM_OCT2026,2026-09-06,16:56:44,OANDA_XAU_USD_M5,EMA_CROSSOVER,SELL,1,53375.0,53754.0,1741.14,-3790.0,179030.0,679030.0,STOP_LOSS
MCX_GOLDM_OCT2026,2026-09-06,16:57:08,OANDA_XAU_USD_M5,EMA_CROSSOVER,SELL,1,100539.0,99189.0,3212.83,13500.0,-73990.0,426010.0,TAKE_PROFIT
MCX_GOLDM_OCT2026,2026-09-06,16:57:59,OANDA_XAU_USD_M5,EMA_CROSSOVER,BUY,1,53425.0,52918.0,1714.08,-5070.0,173960.0,673960.0,STOP_LOSS
